2026-08-30 21:55:21,556 [INFO] [MainThread] [root/log.py:104]: YASB v2.0.6
2026-08-30 21:55:21,557 [INFO] [CLIPipeServer] [cli_server/cli_server.py:216]: CLI server started v1.1.7
2026-08-30 21:55:21,558 [INFO] [MainThread] [cli_server/cli_server.py:106]: Log pipe server started
2026-08-30 21:58:06,695 [INFO] [MainThread] [root/welcome.py:867]: Created config file at C:\Users\User\.config\yasb\config.yaml
2026-08-30 21:58:06,696 [INFO] [MainThread] [root/welcome.py:876]: Created styles file at C:\Users\User\.config\yasb\styles.css
2026-08-30 21:58:12,063 [INFO] [MainThread] [root/service.py:52]: AudioOutputService starting...
2026-08-30 21:58:12,546 [INFO] [MainThread] [root/bar_manager.py:238]: Starting HotkeyListener...
2026-08-30 21:58:12,553 [INFO] [MainThread] [root/bar_manager.py:103]: Starting WindowsNotificationEventListener...
2026-08-30 21:58:12,553 [INFO] [MainThread] [root/bar_manager.py:103]: Starting KomorebiEventListener...
2026-08-30 21:58:12,557 [INFO] [Dummy-9] [root/event_listener.py:54]: Created named pipe yasb-2fc1ee62-a4f0-11f1-9d2b-b306d4664e56
2026-08-30 21:58:12,558 [INFO] [MainThread] [root/watcher.py:65]: Watching directory: c:\users\user\.config\yasb
2026-08-30 21:58:12,559 [INFO] [MainThread] [root/watcher.py:104]: Created file watcher
2026-08-30 21:58:12,586 [INFO] [MainThread] [root/update_service.py:434]: Background update checker started
2026-08-30 21:58:12,707 [INFO] [Dummy-11] [root/windows_notification.py:161]: Notification service started (WNF_SHEL_NOTIFICATION_TOTAL)
2026-08-30 21:58:16,222 [WARNING] [Dummy-9] [root/event_listener.py:136]: Komorebi failed to subscribe named pipe. Error: Una operación socket encontró una red inactiva. (os error 10050) Location: komorebic\src\main.rs:3157:13
2026-08-30 22:00:26,806 [INFO] [MainThread] [root/controller.py:21]: Reloading Application because of config change.
2026-08-30 22:00:26,908 [INFO] [MainThread] [cli_server/cli_server.py:114]: Log pipe server stopped
2026-08-30 22:00:26,965 [INFO] [MainThread] [root/bar_manager.py:93]: Successfully loaded updated config and re-initialised all bars.
2026-08-30 22:00:27,010 [INFO] [MainThread] [root/bar_manager.py:111]: Stopping HotkeyListener...
2026-08-30 22:00:27,014 [INFO] [MainThread] [root/bar_manager.py:119]: Stopping WindowsNotificationEventListener...
2026-08-30 22:00:27,015 [INFO] [Dummy-11] [root/windows_notification.py:97]: Notification service stopped
2026-08-30 22:00:27,020 [INFO] [MainThread] [root/bar_manager.py:119]: Stopping KomorebiEventListener...
2026-08-30 22:00:27,769 [INFO] [MainThread] [root/log.py:104]: YASB v2.0.6
2026-08-30 22:00:27,770 [INFO] [CLIPipeServer] [cli_server/cli_server.py:216]: CLI server started v1.1.7
2026-08-30 22:00:27,770 [INFO] [MainThread] [cli_server/cli_server.py:106]: Log pipe server started
2026-08-30 22:00:28,645 [INFO] [MainThread] [root/service.py:52]: AudioOutputService starting...
2026-08-30 22:00:28,838 [INFO] [MainThread] [root/bar_manager.py:238]: Starting HotkeyListener...
2026-08-30 22:00:28,838 [INFO] [MainThread] [root/bar_manager.py:103]: Starting KomorebiEventListener...
2026-08-30 22:00:28,839 [INFO] [MainThread] [root/bar_manager.py:103]: Starting WindowsNotificationEventListener...
2026-08-30 22:00:28,841 [INFO] [Dummy-8] [root/event_listener.py:54]: Created named pipe yasb-80fd6d36-a4f0-11f1-a3a5-b306d4664e56
2026-08-30 22:00:28,843 [INFO] [MainThread] [root/watcher.py:65]: Watching directory: c:\users\user\.config\yasb
2026-08-30 22:00:28,844 [INFO] [MainThread] [root/watcher.py:104]: Created file watcher
2026-08-30 22:00:28,874 [INFO] [MainThread] [root/update_service.py:434]: Background update checker started
2026-08-30 22:00:28,880 [INFO] [Dummy-11] [root/windows_notification.py:161]: Notification service started (WNF_SHEL_NOTIFICATION_TOTAL)
2026-08-30 22:00:29,043 [WARNING] [Dummy-8] [root/event_listener.py:136]: Komorebi failed to subscribe named pipe. Error: Una operación socket encontró una red inactiva. (os error 10050) Location: komorebic\src\main.rs:3157:13
2026-08-30 22:07:22,348 [INFO] [MainThread] [root/controller.py:21]: Reloading Application because of config change.
2026-08-30 22:07:22,450 [INFO] [MainThread] [cli_server/cli_server.py:114]: Log pipe server stopped
2026-08-30 22:07:22,498 [INFO] [MainThread] [root/bar_manager.py:93]: Successfully loaded updated config and re-initialised all bars.
2026-08-30 22:07:22,552 [INFO] [MainThread] [root/bar_manager.py:111]: Stopping HotkeyListener...
2026-08-30 22:07:22,556 [INFO] [MainThread] [root/bar_manager.py:119]: Stopping KomorebiEventListener...
2026-08-30 22:07:22,561 [INFO] [MainThread] [root/bar_manager.py:119]: Stopping WindowsNotificationEventListener...
2026-08-30 22:07:22,562 [INFO] [Dummy-11] [root/windows_notification.py:97]: Notification service stopped
2026-08-30 22:07:23,382 [INFO] [MainThread] [root/log.py:104]: YASB v2.0.6
2026-08-30 22:07:23,383 [INFO] [CLIPipeServer] [cli_server/cli_server.py:216]: CLI server started v1.1.7
2026-08-30 22:07:23,383 [INFO] [MainThread] [cli_server/cli_server.py:106]: Log pipe server started
2026-08-30 22:07:24,219 [INFO] [MainThread] [root/service.py:52]: AudioOutputService starting...
2026-08-30 22:07:24,406 [INFO] [MainThread] [root/bar_manager.py:238]: Starting HotkeyListener...
2026-08-30 22:07:24,406 [INFO] [MainThread] [root/bar_manager.py:103]: Starting KomorebiEventListener...
2026-08-30 22:07:24,407 [INFO] [MainThread] [root/bar_manager.py:103]: Starting WindowsNotificationEventListener...
2026-08-30 22:07:24,408 [INFO] [Dummy-8] [root/event_listener.py:54]: Created named pipe yasb-78b0021f-a4f1-11f1-91a6-b306d4664e56
2026-08-30 22:07:24,411 [INFO] [MainThread] [root/watcher.py:65]: Watching directory: c:\users\user\.config\yasb
2026-08-30 22:07:24,411 [INFO] [MainThread] [root/watcher.py:104]: Created file watcher
2026-08-30 22:07:24,444 [INFO] [MainThread] [root/update_service.py:434]: Background update checker started
2026-08-30 22:07:24,452 [INFO] [Dummy-11] [root/windows_notification.py:161]: Notification service started (WNF_SHEL_NOTIFICATION_TOTAL)
2026-08-30 22:07:24,599 [WARNING] [Dummy-8] [root/event_listener.py:136]: Komorebi failed to subscribe named pipe. Error: Una operación socket encontró una red inactiva. (os error 10050) Location: komorebic\src\main.rs:3157:13
2026-08-30 22:08:01,497 [INFO] [MainThread] [root/controller.py:21]: Reloading Application because of config change.
2026-08-30 22:08:01,599 [INFO] [MainThread] [cli_server/cli_server.py:114]: Log pipe server stopped
2026-08-30 22:08:01,647 [INFO] [MainThread] [root/bar_manager.py:93]: Successfully loaded updated config and re-initialised all bars.
2026-08-30 22:08:01,700 [INFO] [MainThread] [root/bar_manager.py:111]: Stopping HotkeyListener...
2026-08-30 22:08:01,704 [INFO] [MainThread] [root/bar_manager.py:119]: Stopping KomorebiEventListener...
2026-08-30 22:08:01,708 [INFO] [MainThread] [root/bar_manager.py:119]: Stopping WindowsNotificationEventListener...
2026-08-30 22:08:01,708 [INFO] [Dummy-11] [root/windows_notification.py:97]: Notification service stopped
2026-08-30 22:08:02,453 [INFO] [MainThread] [root/log.py:104]: YASB v2.0.6
2026-08-30 22:08:02,454 [INFO] [CLIPipeServer] [cli_server/cli_server.py:216]: CLI server started v1.1.7
2026-08-30 22:08:02,454 [INFO] [MainThread] [cli_server/cli_server.py:106]: Log pipe server started
2026-08-30 22:08:03,266 [INFO] [MainThread] [root/service.py:52]: AudioOutputService starting...
2026-08-30 22:08:03,469 [INFO] [MainThread] [root/bar_manager.py:238]: Starting HotkeyListener...
2026-08-30 22:08:03,469 [INFO] [MainThread] [root/bar_manager.py:103]: Starting KomorebiEventListener...
2026-08-30 22:08:03,470 [INFO] [MainThread] [root/bar_manager.py:103]: Starting WindowsNotificationEventListener...
2026-08-30 22:08:03,474 [INFO] [Dummy-7] [root/event_listener.py:54]: Created named pipe yasb-8ff89c44-a4f1-11f1-b1f4-b306d4664e56
2026-08-30 22:08:03,477 [INFO] [MainThread] [root/watcher.py:65]: Watching directory: c:\users\user\.config\yasb
2026-08-30 22:08:03,477 [INFO] [MainThread] [root/watcher.py:104]: Created file watcher
2026-08-30 22:08:03,514 [INFO] [MainThread] [root/update_service.py:434]: Background update checker started
2026-08-30 22:08:03,515 [INFO] [Dummy-11] [root/windows_notification.py:161]: Notification service started (WNF_SHEL_NOTIFICATION_TOTAL)
2026-08-30 22:08:03,646 [WARNING] [Dummy-7] [root/event_listener.py:136]: Komorebi failed to subscribe named pipe. Error: Una operación socket encontró una red inactiva. (os error 10050) Location: komorebic\src\main.rs:3157:13
2026-08-30 22:16:11,653 [INFO] [MainThread] [root/controller.py:21]: Reloading Application from tray...
2026-08-30 22:16:11,753 [INFO] [MainThread] [cli_server/cli_server.py:114]: Log pipe server stopped
2026-08-30 22:16:11,853 [INFO] [MainThread] [root/bar_manager.py:111]: Stopping HotkeyListener...
2026-08-30 22:16:11,857 [INFO] [MainThread] [root/bar_manager.py:119]: Stopping KomorebiEventListener...
2026-08-30 22:16:11,860 [INFO] [MainThread] [root/bar_manager.py:119]: Stopping WindowsNotificationEventListener...
2026-08-30 22:16:11,861 [INFO] [Dummy-11] [root/windows_notification.py:97]: Notification service stopped
2026-08-30 22:16:12,612 [INFO] [MainThread] [root/log.py:104]: YASB v2.0.6
2026-08-30 22:16:12,613 [INFO] [CLIPipeServer] [cli_server/cli_server.py:216]: CLI server started v1.1.7
2026-08-30 22:16:12,613 [INFO] [MainThread] [cli_server/cli_server.py:106]: Log pipe server started
2026-08-30 22:16:13,350 [INFO] [MainThread] [root/service.py:52]: AudioOutputService starting...
2026-08-30 22:16:13,563 [INFO] [MainThread] [root/bar_manager.py:238]: Starting HotkeyListener...
2026-08-30 22:16:13,563 [INFO] [MainThread] [root/bar_manager.py:103]: Starting WindowsNotificationEventListener...
2026-08-30 22:16:13,564 [INFO] [MainThread] [root/bar_manager.py:103]: Starting KomorebiEventListener...
2026-08-30 22:16:13,566 [INFO] [Dummy-8] [root/event_listener.py:54]: Created named pipe yasb-b417042e-a4f2-11f1-ad77-b306d4664e56
2026-08-30 22:16:13,568 [INFO] [MainThread] [root/watcher.py:65]: Watching directory: c:\users\user\.config\yasb
2026-08-30 22:16:13,568 [INFO] [MainThread] [root/watcher.py:104]: Created file watcher
2026-08-30 22:16:13,597 [INFO] [MainThread] [root/update_service.py:434]: Background update checker started
2026-08-30 22:16:13,602 [INFO] [Dummy-11] [root/windows_notification.py:161]: Notification service started (WNF_SHEL_NOTIFICATION_TOTAL)
2026-08-30 22:16:13,748 [WARNING] [Dummy-8] [root/event_listener.py:136]: Komorebi failed to subscribe named pipe. Error: Una operación socket encontró una red inactiva. (os error 10050) Location: komorebic\src\main.rs:3157:13
2026-08-30 22:16:45,651 [INFO] [MainThread] [root/controller.py:21]: Reloading Application because of config change.
2026-08-30 22:16:45,757 [INFO] [MainThread] [cli_server/cli_server.py:114]: Log pipe server stopped
2026-08-30 22:16:45,801 [INFO] [MainThread] [root/bar_manager.py:93]: Successfully loaded updated config and re-initialised all bars.
2026-08-30 22:16:45,859 [INFO] [MainThread] [root/bar_manager.py:111]: Stopping HotkeyListener...
2026-08-30 22:16:45,863 [INFO] [MainThread] [root/bar_manager.py:119]: Stopping WindowsNotificationEventListener...
2026-08-30 22:16:45,864 [INFO] [Dummy-11] [root/windows_notification.py:97]: Notification service stopped
2026-08-30 22:16:45,868 [INFO] [MainThread] [root/bar_manager.py:119]: Stopping KomorebiEventListener...
2026-08-30 22:16:46,622 [INFO] [MainThread] [root/log.py:104]: YASB v2.0.6
2026-08-30 22:16:46,623 [INFO] [CLIPipeServer] [cli_server/cli_server.py:216]: CLI server started v1.1.7
2026-08-30 22:16:46,623 [INFO] [MainThread] [cli_server/cli_server.py:106]: Log pipe server started
2026-08-30 22:16:47,372 [INFO] [MainThread] [root/service.py:52]: AudioOutputService starting...
2026-08-30 22:16:47,588 [INFO] [MainThread] [root/bar_manager.py:238]: Starting HotkeyListener...
2026-08-30 22:16:47,589 [INFO] [MainThread] [root/bar_manager.py:103]: Starting WindowsNotificationEventListener...
2026-08-30 22:16:47,590 [INFO] [MainThread] [root/bar_manager.py:103]: Starting KomorebiEventListener...
2026-08-30 22:16:47,595 [INFO] [Dummy-9] [root/event_listener.py:54]: Created named pipe yasb-c85f10b6-a4f2-11f1-acfc-b306d4664e56
2026-08-30 22:16:47,595 [INFO] [MainThread] [root/watcher.py:65]: Watching directory: c:\users\user\.config\yasb
2026-08-30 22:16:47,600 [INFO] [MainThread] [root/watcher.py:104]: Created file watcher
2026-08-30 22:16:47,627 [INFO] [MainThread] [root/update_service.py:434]: Background update checker started
2026-08-30 22:16:47,633 [INFO] [Dummy-11] [root/windows_notification.py:161]: Notification service started (WNF_SHEL_NOTIFICATION_TOTAL)
2026-08-30 22:16:47,763 [WARNING] [Dummy-9] [root/event_listener.py:136]: Komorebi failed to subscribe named pipe. Error: Una operación socket encontró una red inactiva. (os error 10050) Location: komorebic\src\main.rs:3157:13
2026-08-30 22:17:05,680 [INFO] [MainThread] [root/controller.py:21]: Reloading Application because of config change.
2026-08-30 22:17:05,796 [INFO] [MainThread] [cli_server/cli_server.py:114]: Log pipe server stopped
2026-08-30 22:17:05,845 [INFO] [MainThread] [root/bar_manager.py:93]: Successfully loaded updated config and re-initialised all bars.
2026-08-30 22:17:05,901 [INFO] [MainThread] [root/bar_manager.py:111]: Stopping HotkeyListener...
2026-08-30 22:17:05,905 [INFO] [MainThread] [root/bar_manager.py:119]: Stopping WindowsNotificationEventListener...
2026-08-30 22:17:05,906 [INFO] [Dummy-11] [root/windows_notification.py:97]: Notification service stopped
2026-08-30 22:17:05,910 [INFO] [MainThread] [root/bar_manager.py:119]: Stopping KomorebiEventListener...
2026-08-30 22:17:06,667 [INFO] [MainThread] [root/log.py:104]: YASB v2.0.6
2026-08-30 22:17:06,668 [INFO] [CLIPipeServer] [cli_server/cli_server.py:216]: CLI server started v1.1.7
2026-08-30 22:17:06,668 [INFO] [MainThread] [cli_server/cli_server.py:106]: Log pipe server started
2026-08-30 22:17:07,423 [INFO] [MainThread] [root/service.py:52]: AudioOutputService starting...
2026-08-30 22:17:07,633 [INFO] [MainThread] [root/bar_manager.py:238]: Starting HotkeyListener...
2026-08-30 22:17:07,634 [INFO] [MainThread] [root/bar_manager.py:103]: Starting KomorebiEventListener...
2026-08-30 22:17:07,635 [INFO] [MainThread] [root/bar_manager.py:103]: Starting WindowsNotificationEventListener...
2026-08-30 22:17:07,637 [INFO] [Dummy-8] [root/event_listener.py:54]: Created named pipe yasb-d45189b3-a4f2-11f1-ab60-b306d4664e56
2026-08-30 22:17:07,642 [INFO] [MainThread] [root/watcher.py:65]: Watching directory: c:\users\user\.config\yasb
2026-08-30 22:17:07,647 [INFO] [MainThread] [root/watcher.py:104]: Created file watcher
2026-08-30 22:17:07,679 [INFO] [Dummy-11] [root/windows_notification.py:161]: Notification service started (WNF_SHEL_NOTIFICATION_TOTAL)
2026-08-30 22:17:07,679 [INFO] [MainThread] [root/update_service.py:434]: Background update checker started
2026-08-30 22:17:07,825 [WARNING] [Dummy-8] [root/event_listener.py:136]: Komorebi failed to subscribe named pipe. Error: Una operación socket encontró una red inactiva. (os error 10050) Location: komorebic\src\main.rs:3157:13
2026-08-30 22:17:17,237 [INFO] [MainThread] [root/controller.py:21]: Reloading Application because of config change.
2026-08-30 22:17:17,338 [INFO] [MainThread] [cli_server/cli_server.py:114]: Log pipe server stopped
2026-08-30 22:17:17,387 [INFO] [MainThread] [root/bar_manager.py:93]: Successfully loaded updated config and re-initialised all bars.
2026-08-30 22:17:17,450 [INFO] [MainThread] [root/bar_manager.py:111]: Stopping HotkeyListener...
2026-08-30 22:17:17,454 [INFO] [MainThread] [root/bar_manager.py:119]: Stopping KomorebiEventListener...
2026-08-30 22:17:17,457 [INFO] [MainThread] [root/bar_manager.py:119]: Stopping WindowsNotificationEventListener...
2026-08-30 22:17:17,459 [INFO] [Dummy-11] [root/windows_notification.py:97]: Notification service stopped
2026-08-30 22:17:18,221 [INFO] [MainThread] [root/log.py:104]: YASB v2.0.6
2026-08-30 22:17:18,222 [INFO] [CLIPipeServer] [cli_server/cli_server.py:216]: CLI server started v1.1.7
2026-08-30 22:17:18,222 [INFO] [MainThread] [cli_server/cli_server.py:106]: Log pipe server started
2026-08-30 22:17:18,983 [INFO] [MainThread] [root/service.py:52]: AudioOutputService starting...
2026-08-30 22:17:19,189 [INFO] [MainThread] [root/bar_manager.py:238]: Starting HotkeyListener...
2026-08-30 22:17:19,190 [INFO] [MainThread] [root/bar_manager.py:103]: Starting WindowsNotificationEventListener...
2026-08-30 22:17:19,190 [INFO] [MainThread] [root/bar_manager.py:103]: Starting KomorebiEventListener...
2026-08-30 22:17:19,192 [INFO] [Dummy-8] [root/event_listener.py:54]: Created named pipe yasb-db34d42a-a4f2-11f1-b161-b306d4664e56
2026-08-30 22:17:19,195 [INFO] [MainThread] [root/watcher.py:65]: Watching directory: c:\users\user\.config\yasb
2026-08-30 22:17:19,195 [INFO] [MainThread] [root/watcher.py:104]: Created file watcher
2026-08-30 22:17:19,231 [INFO] [MainThread] [root/update_service.py:434]: Background update checker started
2026-08-30 22:17:19,237 [INFO] [Dummy-11] [root/windows_notification.py:161]: Notification service started (WNF_SHEL_NOTIFICATION_TOTAL)
2026-08-30 22:17:19,359 [WARNING] [Dummy-8] [root/event_listener.py:136]: Komorebi failed to subscribe named pipe. Error: Una operación socket encontró una red inactiva. (os error 10050) Location: komorebic\src\main.rs:3157:13
2026-08-30 22:17:27,715 [INFO] [MainThread] [root/controller.py:21]: Reloading Application because of config change.
2026-08-30 22:17:27,825 [INFO] [MainThread] [cli_server/cli_server.py:114]: Log pipe server stopped
2026-08-30 22:17:27,882 [INFO] [MainThread] [root/bar_manager.py:93]: Successfully loaded updated config and re-initialised all bars.
2026-08-30 22:17:27,943 [INFO] [MainThread] [root/bar_manager.py:111]: Stopping HotkeyListener...
2026-08-30 22:17:27,948 [INFO] [MainThread] [root/bar_manager.py:119]: Stopping WindowsNotificationEventListener...
2026-08-30 22:17:27,952 [INFO] [Dummy-11] [root/windows_notification.py:97]: Notification service stopped
2026-08-30 22:17:27,957 [INFO] [MainThread] [root/bar_manager.py:119]: Stopping KomorebiEventListener...
2026-08-30 22:17:28,696 [INFO] [MainThread] [root/log.py:104]: YASB v2.0.6
2026-08-30 22:17:28,696 [INFO] [CLIPipeServer] [cli_server/cli_server.py:216]: CLI server started v1.1.7
2026-08-30 22:17:28,697 [INFO] [MainThread] [cli_server/cli_server.py:106]: Log pipe server started
2026-08-30 22:17:29,426 [INFO] [MainThread] [root/service.py:52]: AudioOutputService starting...
2026-08-30 22:17:29,631 [INFO] [MainThread] [root/bar_manager.py:238]: Starting HotkeyListener...
2026-08-30 22:17:29,631 [INFO] [MainThread] [root/bar_manager.py:103]: Starting WindowsNotificationEventListener...
2026-08-30 22:17:29,632 [INFO] [MainThread] [root/bar_manager.py:103]: Starting KomorebiEventListener...
2026-08-30 22:17:29,634 [INFO] [Dummy-8] [root/event_listener.py:54]: Created named pipe yasb-e16e0a1e-a4f2-11f1-a0db-b306d4664e56
2026-08-30 22:17:29,636 [INFO] [MainThread] [root/watcher.py:65]: Watching directory: c:\users\user\.config\yasb
2026-08-30 22:17:29,637 [INFO] [MainThread] [root/watcher.py:104]: Created file watcher
2026-08-30 22:17:29,671 [INFO] [MainThread] [root/update_service.py:434]: Background update checker started
2026-08-30 22:17:29,677 [INFO] [Dummy-11] [root/windows_notification.py:161]: Notification service started (WNF_SHEL_NOTIFICATION_TOTAL)
2026-08-30 22:17:29,804 [WARNING] [Dummy-8] [root/event_listener.py:136]: Komorebi failed to subscribe named pipe. Error: Una operación socket encontró una red inactiva. (os error 10050) Location: komorebic\src\main.rs:3157:13
2026-08-30 22:27:43,188 [INFO] [MainThread] [root/bar.py:153]: Screen geometry changed. Updating position for bar primary-bar on screen MSI G271
2026-08-30 22:28:26,774 [INFO] [MainThread] [root/controller.py:43]: Exiting Application...
2026-08-30 22:28:26,880 [INFO] [MainThread] [cli_server/cli_server.py:114]: Log pipe server stopped
2026-08-30 22:28:27,024 [INFO] [MainThread] [root/bar_manager.py:111]: Stopping HotkeyListener...
2026-08-30 22:28:27,032 [INFO] [MainThread] [root/bar_manager.py:119]: Stopping WindowsNotificationEventListener...
2026-08-30 22:28:27,034 [INFO] [Dummy-11] [root/windows_notification.py:97]: Notification service stopped
2026-08-30 22:28:27,040 [INFO] [MainThread] [root/bar_manager.py:119]: Stopping KomorebiEventListener...
2026-08-31 12:19:45,185 [INFO] [MainThread] [root/log.py:104]: YASB v2.0.6
2026-08-31 12:19:45,187 [INFO] [CLIPipeServer] [cli_server/cli_server.py:216]: CLI server started v1.1.7
2026-08-31 12:19:45,187 [INFO] [MainThread] [cli_server/cli_server.py:106]: Log pipe server started
2026-08-31 12:19:46,537 [INFO] [MainThread] [root/service.py:52]: AudioOutputService starting...
2026-08-31 12:19:46,703 [INFO] [MainThread] [root/bar_manager.py:238]: Starting HotkeyListener...
2026-08-31 12:19:46,703 [INFO] [MainThread] [root/bar_manager.py:103]: Starting KomorebiEventListener...
2026-08-31 12:19:46,704 [INFO] [MainThread] [root/bar_manager.py:103]: Starting WindowsNotificationEventListener...
2026-08-31 12:19:46,705 [INFO] [Dummy-8] [root/event_listener.py:54]: Created named pipe yasb-8bdf41e6-a568-11f1-b60f-b306d4664e56
2026-08-31 12:19:46,714 [INFO] [MainThread] [root/watcher.py:65]: Watching directory: c:\users\user\.config\yasb
2026-08-31 12:19:46,714 [INFO] [MainThread] [root/watcher.py:104]: Created file watcher
2026-08-31 12:19:46,736 [INFO] [MainThread] [root/update_service.py:434]: Background update checker started
2026-08-31 12:19:46,771 [INFO] [Dummy-9] [root/windows_notification.py:161]: Notification service started (WNF_SHEL_NOTIFICATION_TOTAL)
2026-08-31 12:19:46,873 [WARNING] [Dummy-8] [root/event_listener.py:136]: Komorebi failed to subscribe named pipe. Error: Una operación socket encontró una red inactiva. (os error 10050) Location: komorebic\src\main.rs:3157:13
2026-08-31 12:23:42,385 [INFO] [MainThread] [root/utils.py:464]: YASB added to startup
2026-08-31 12:26:20,384 [INFO] [Dummy-8] [root/event_listener.py:147]: Komorebi connected to named pipe: yasb-8bdf41e6-a568-11f1-b60f-b306d4664e56
2026-08-31 12:53:10,857 [INFO] [MainThread] [root/bar_manager.py:97]: Screens updated. Re-initialising all bars.
2026-08-31 12:53:10,857 [INFO] [MainThread] [root/controller.py:21]: Reloading Application because of screen update.
2026-08-31 12:53:10,966 [INFO] [MainThread] [cli_server/cli_server.py:114]: Log pipe server stopped
2026-08-31 12:53:11,192 [INFO] [MainThread] [root/bar.py:153]: Screen geometry changed. Updating position for bar primary-bar on screen MSI G271
2026-08-31 12:53:11,412 [INFO] [MainThread] [root/bar_manager.py:111]: Stopping HotkeyListener...
2026-08-31 12:53:11,434 [INFO] [MainThread] [root/bar_manager.py:119]: Stopping KomorebiEventListener...
2026-08-31 12:53:11,450 [INFO] [MainThread] [root/bar_manager.py:119]: Stopping WindowsNotificationEventListener...
2026-08-31 12:53:11,451 [INFO] [Dummy-9] [root/windows_notification.py:97]: Notification service stopped
2026-08-31 12:53:11,771 [INFO] [MainThread] [root/log.py:104]: YASB v2.0.6
2026-08-31 12:53:11,772 [INFO] [CLIPipeServer] [cli_server/cli_server.py:216]: CLI server started v1.1.7
2026-08-31 12:53:11,772 [INFO] [MainThread] [cli_server/cli_server.py:106]: Log pipe server started
2026-08-31 12:53:12,567 [INFO] [MainThread] [root/service.py:52]: AudioOutputService starting...
2026-08-31 12:53:12,914 [INFO] [MainThread] [root/bar_manager.py:238]: Starting HotkeyListener...
2026-08-31 12:53:12,914 [INFO] [MainThread] [root/bar_manager.py:103]: Starting KomorebiEventListener...
2026-08-31 12:53:12,915 [INFO] [MainThread] [root/bar_manager.py:103]: Starting WindowsNotificationEventListener...
2026-08-31 12:53:12,918 [INFO] [MainThread] [root/watcher.py:65]: Watching directory: c:\users\user\.config\yasb
2026-08-31 12:53:12,919 [INFO] [MainThread] [root/watcher.py:104]: Created file watcher
2026-08-31 12:53:12,921 [INFO] [Dummy-10] [root/event_listener.py:54]: Created named pipe yasb-37aaaeac-a56d-11f1-9a6f-b306d4664e56
2026-08-31 12:53:12,995 [INFO] [MainThread] [root/update_service.py:434]: Background update checker started
2026-08-31 12:53:13,009 [INFO] [Dummy-13] [root/windows_notification.py:161]: Notification service started (WNF_SHEL_NOTIFICATION_TOTAL)
2026-08-31 12:53:13,142 [INFO] [Dummy-10] [root/event_listener.py:147]: Komorebi connected to named pipe: yasb-37aaaeac-a56d-11f1-9a6f-b306d4664e56
2026-08-31 12:53:48,579 [INFO] [MainThread] [root/controller.py:43]: Exiting Application...
2026-08-31 12:53:48,683 [INFO] [MainThread] [cli_server/cli_server.py:114]: Log pipe server stopped
2026-08-31 12:53:48,782 [INFO] [MainThread] [root/bar_manager.py:111]: Stopping HotkeyListener...
2026-08-31 12:53:48,783 [INFO] [MainThread] [root/bar_manager.py:119]: Stopping KomorebiEventListener...
2026-08-31 12:53:48,786 [INFO] [MainThread] [root/bar_manager.py:119]: Stopping WindowsNotificationEventListener...
2026-08-31 12:53:48,786 [INFO] [Dummy-13] [root/windows_notification.py:97]: Notification service stopped
2026-08-31 13:15:02,572 [INFO] [MainThread] [root/log.py:104]: YASB v2.0.6
2026-08-31 13:15:02,573 [INFO] [CLIPipeServer] [cli_server/cli_server.py:216]: CLI server started v1.1.7
2026-08-31 13:15:02,573 [INFO] [MainThread] [cli_server/cli_server.py:106]: Log pipe server started
2026-08-31 13:15:04,921 [INFO] [MainThread] [root/service.py:52]: AudioOutputService starting...
2026-08-31 13:15:05,396 [INFO] [MainThread] [root/bar_manager.py:238]: Starting HotkeyListener...
2026-08-31 13:15:05,397 [INFO] [MainThread] [root/bar_manager.py:103]: Starting KomorebiEventListener...
2026-08-31 13:15:05,397 [INFO] [MainThread] [root/bar_manager.py:103]: Starting WindowsNotificationEventListener...
2026-08-31 13:15:05,399 [INFO] [Dummy-8] [root/event_listener.py:54]: Created named pipe yasb-45f7a9e5-a570-11f1-a5b0-5cea1d922ca9
2026-08-31 13:15:05,407 [INFO] [MainThread] [root/watcher.py:65]: Watching directory: c:\users\user\.config\yasb
2026-08-31 13:15:05,408 [INFO] [MainThread] [root/watcher.py:104]: Created file watcher
2026-08-31 13:15:05,444 [INFO] [MainThread] [root/update_service.py:434]: Background update checker started
2026-08-31 13:15:05,513 [INFO] [Dummy-9] [root/windows_notification.py:161]: Notification service started (WNF_SHEL_NOTIFICATION_TOTAL)
2026-08-31 13:15:06,702 [WARNING] [Dummy-8] [root/event_listener.py:134]: Komorebi failed to subscribe named pipe. Komorebi is not running, please start Komorebi.
2026-08-31 13:15:54,072 [INFO] [MainThread] [root/bar.py:153]: Screen geometry changed. Updating position for bar primary-bar on screen \\.\DISPLAY1
2026-08-31 13:20:18,519 [INFO] [MainThread] [root/controller.py:21]: Reloading Application because of config change.
2026-08-31 13:20:18,629 [INFO] [MainThread] [cli_server/cli_server.py:114]: Log pipe server stopped
2026-08-31 13:20:18,643 [INFO] [MainThread] [root/bar_manager.py:93]: Successfully loaded updated config and re-initialised all bars.
2026-08-31 13:20:18,677 [INFO] [MainThread] [root/bar_manager.py:111]: Stopping HotkeyListener...
2026-08-31 13:20:18,679 [INFO] [MainThread] [root/bar_manager.py:119]: Stopping KomorebiEventListener...
2026-08-31 13:20:18,681 [INFO] [MainThread] [root/bar_manager.py:119]: Stopping WindowsNotificationEventListener...
2026-08-31 13:20:18,682 [INFO] [Dummy-9] [root/windows_notification.py:97]: Notification service stopped
2026-08-31 13:20:21,542 [INFO] [MainThread] [root/log.py:104]: YASB v2.0.6
2026-08-31 13:20:21,543 [INFO] [CLIPipeServer] [cli_server/cli_server.py:216]: CLI server started v1.1.7
2026-08-31 13:20:21,544 [INFO] [MainThread] [cli_server/cli_server.py:106]: Log pipe server started
2026-08-31 13:20:23,987 [INFO] [MainThread] [root/service.py:52]: AudioOutputService starting...
2026-08-31 13:20:24,272 [INFO] [MainThread] [root/bar_manager.py:238]: Starting HotkeyListener...
2026-08-31 13:20:24,272 [INFO] [MainThread] [root/bar_manager.py:103]: Starting WindowsNotificationEventListener...
2026-08-31 13:20:24,273 [INFO] [MainThread] [root/bar_manager.py:103]: Starting KomorebiEventListener...
2026-08-31 13:20:24,277 [INFO] [MainThread] [root/watcher.py:65]: Watching directory: c:\users\user\.config\yasb
2026-08-31 13:20:24,278 [INFO] [MainThread] [root/watcher.py:104]: Created file watcher
2026-08-31 13:20:24,278 [INFO] [Dummy-10] [root/event_listener.py:54]: Created named pipe yasb-0408667e-a571-11f1-940f-ae27547f4192
2026-08-31 13:20:24,307 [INFO] [MainThread] [root/update_service.py:434]: Background update checker started
2026-08-31 13:20:24,373 [INFO] [Dummy-11] [root/windows_notification.py:161]: Notification service started (WNF_SHEL_NOTIFICATION_TOTAL)
2026-08-31 13:20:24,544 [WARNING] [Dummy-10] [root/event_listener.py:134]: Komorebi failed to subscribe named pipe. Komorebi is not running, please start Komorebi.
2026-08-31 13:30:35,504 [INFO] [Dummy-10] [root/event_listener.py:147]: Komorebi connected to named pipe: yasb-0408667e-a571-11f1-940f-ae27547f4192
2026-08-31 13:34:50,970 [INFO] [MainThread] [root/controller.py:21]: Reloading Application because of config change.
2026-08-31 13:34:51,071 [INFO] [MainThread] [cli_server/cli_server.py:114]: Log pipe server stopped
2026-08-31 13:34:51,176 [INFO] [MainThread] [root/bar_manager.py:93]: Successfully loaded updated config and re-initialised all bars.
2026-08-31 13:34:51,229 [INFO] [MainThread] [root/bar_manager.py:111]: Stopping HotkeyListener...
2026-08-31 13:34:51,232 [INFO] [MainThread] [root/bar_manager.py:119]: Stopping WindowsNotificationEventListener...
2026-08-31 13:34:51,233 [INFO] [Dummy-11] [root/windows_notification.py:97]: Notification service stopped
2026-08-31 13:34:51,237 [INFO] [MainThread] [root/bar_manager.py:119]: Stopping KomorebiEventListener...
2026-08-31 13:34:54,308 [INFO] [MainThread] [root/log.py:104]: YASB v2.0.6
2026-08-31 13:34:54,309 [INFO] [CLIPipeServer] [cli_server/cli_server.py:216]: CLI server started v1.1.7
2026-08-31 13:34:54,310 [INFO] [MainThread] [cli_server/cli_server.py:106]: Log pipe server started
2026-08-31 13:34:55,765 [WARNING] [MainThread] [root/widget_builder.py:39]: No widget config could be found for widget 'komorebi_workspaces
2026-08-31 13:34:56,686 [INFO] [MainThread] [root/service.py:52]: AudioOutputService starting...
2026-08-31 13:34:56,982 [INFO] [MainThread] [root/bar_manager.py:238]: Starting HotkeyListener...
2026-08-31 13:34:56,983 [INFO] [MainThread] [root/bar_manager.py:103]: Starting WindowsNotificationEventListener...
2026-08-31 13:34:56,983 [ERROR] [MainThread] [root/widget_builder.py:100]: Failed to add undefined widget(s)  - The widget "komorebi_workspaces" is undefined.
2026-08-31 13:34:57,038 [INFO] [MainThread] [root/watcher.py:65]: Watching directory: c:\users\user\.config\yasb
2026-08-31 13:34:57,038 [INFO] [MainThread] [root/watcher.py:104]: Created file watcher
2026-08-31 13:34:57,517 [INFO] [Dummy-8] [root/windows_notification.py:161]: Notification service started (WNF_SHEL_NOTIFICATION_TOTAL)
2026-08-31 13:34:57,519 [INFO] [MainThread] [root/update_service.py:434]: Background update checker started
2026-08-31 13:35:15,042 [INFO] [MainThread] [root/controller.py:21]: Reloading Application because of config change.
2026-08-31 13:35:15,146 [INFO] [MainThread] [cli_server/cli_server.py:114]: Log pipe server stopped
2026-08-31 13:35:15,174 [INFO] [MainThread] [root/bar_manager.py:93]: Successfully loaded updated config and re-initialised all bars.
2026-08-31 13:35:15,233 [INFO] [MainThread] [root/bar_manager.py:111]: Stopping HotkeyListener...
2026-08-31 13:35:15,237 [INFO] [MainThread] [root/bar_manager.py:119]: Stopping WindowsNotificationEventListener...
2026-08-31 13:35:15,238 [INFO] [Dummy-8] [root/windows_notification.py:97]: Notification service stopped
2026-08-31 13:35:16,058 [INFO] [MainThread] [root/log.py:104]: YASB v2.0.6
2026-08-31 13:35:16,058 [INFO] [CLIPipeServer] [cli_server/cli_server.py:216]: CLI server started v1.1.7
2026-08-31 13:35:16,059 [INFO] [MainThread] [cli_server/cli_server.py:106]: Log pipe server started
2026-08-31 13:35:16,894 [INFO] [MainThread] [root/service.py:52]: AudioOutputService starting...
2026-08-31 13:35:17,090 [INFO] [MainThread] [root/bar_manager.py:238]: Starting HotkeyListener...
2026-08-31 13:35:17,090 [INFO] [MainThread] [root/bar_manager.py:103]: Starting WindowsNotificationEventListener...
2026-08-31 13:35:17,093 [INFO] [MainThread] [root/watcher.py:65]: Watching directory: c:\users\user\.config\yasb
2026-08-31 13:35:17,093 [INFO] [MainThread] [root/watcher.py:104]: Created file watcher
2026-08-31 13:35:17,141 [INFO] [MainThread] [root/update_service.py:434]: Background update checker started
2026-08-31 13:35:17,159 [INFO] [Dummy-10] [root/windows_notification.py:161]: Notification service started (WNF_SHEL_NOTIFICATION_TOTAL)
2026-08-31 14:10:20,453 [INFO] [MainThread] [root/service.py:223]: Quick Launch rebuilding app list after install/uninstall detected
2026-08-31 14:11:04,931 [INFO] [MainThread] [root/service.py:223]: Quick Launch rebuilding app list after install/uninstall detected
2026-08-31 14:11:15,072 [INFO] [MainThread] [root/service.py:223]: Quick Launch rebuilding app list after install/uninstall detected
2026-08-31 14:11:30,413 [INFO] [MainThread] [root/service.py:223]: Quick Launch rebuilding app list after install/uninstall detected
2026-08-31 14:12:07,469 [INFO] [MainThread] [root/service.py:223]: Quick Launch rebuilding app list after install/uninstall detected
2026-08-31 14:12:14,059 [INFO] [MainThread] [root/service.py:223]: Quick Launch rebuilding app list after install/uninstall detected
2026-08-31 14:13:04,249 [INFO] [MainThread] [root/service.py:223]: Quick Launch rebuilding app list after install/uninstall detected
2026-08-31 14:18:05,991 [INFO] [MainThread] [root/controller.py:21]: Reloading Application because of config change.
2026-08-31 14:18:06,091 [INFO] [MainThread] [cli_server/cli_server.py:114]: Log pipe server stopped
2026-08-31 14:18:06,128 [INFO] [MainThread] [root/bar_manager.py:93]: Successfully loaded updated config and re-initialised all bars.
2026-08-31 14:18:06,279 [INFO] [MainThread] [root/bar_manager.py:111]: Stopping HotkeyListener...
2026-08-31 14:18:06,282 [INFO] [MainThread] [root/bar_manager.py:119]: Stopping WindowsNotificationEventListener...
2026-08-31 14:18:06,283 [INFO] [Dummy-10] [root/windows_notification.py:97]: Notification service stopped
2026-08-31 14:18:07,398 [INFO] [MainThread] [root/log.py:104]: YASB v2.0.6
2026-08-31 14:18:07,399 [INFO] [CLIPipeServer] [cli_server/cli_server.py:216]: CLI server started v1.1.7
2026-08-31 14:18:07,399 [INFO] [MainThread] [cli_server/cli_server.py:106]: Log pipe server started
2026-08-31 14:18:08,449 [INFO] [MainThread] [root/service.py:52]: AudioOutputService starting...
2026-08-31 14:18:08,760 [INFO] [MainThread] [root/bar_manager.py:238]: Starting HotkeyListener...
2026-08-31 14:18:08,761 [INFO] [MainThread] [root/bar_manager.py:103]: Starting WindowsNotificationEventListener...
2026-08-31 14:18:08,767 [INFO] [MainThread] [root/watcher.py:65]: Watching directory: c:\users\user\.config\yasb
2026-08-31 14:18:08,769 [INFO] [MainThread] [root/watcher.py:104]: Created file watcher
2026-08-31 14:18:08,812 [INFO] [MainThread] [root/update_service.py:434]: Background update checker started
2026-08-31 14:18:08,818 [INFO] [Dummy-10] [root/windows_notification.py:161]: Notification service started (WNF_SHEL_NOTIFICATION_TOTAL)
2026-08-31 14:20:47,615 [INFO] [MainThread] [root/controller.py:21]: Reloading Application because of config change.
2026-08-31 14:20:47,727 [INFO] [MainThread] [cli_server/cli_server.py:114]: Log pipe server stopped
2026-08-31 14:20:47,737 [INFO] [MainThread] [root/bar_manager.py:93]: Successfully loaded updated config and re-initialised all bars.
2026-08-31 14:20:47,775 [INFO] [MainThread] [root/bar_manager.py:111]: Stopping HotkeyListener...
2026-08-31 14:20:47,778 [INFO] [MainThread] [root/bar_manager.py:119]: Stopping WindowsNotificationEventListener...
2026-08-31 14:20:47,778 [INFO] [Dummy-10] [root/windows_notification.py:97]: Notification service stopped
2026-08-31 14:20:48,420 [INFO] [MainThread] [root/log.py:104]: YASB v2.0.6
2026-08-31 14:20:48,421 [INFO] [CLIPipeServer] [cli_server/cli_server.py:216]: CLI server started v1.1.7
2026-08-31 14:20:48,421 [INFO] [MainThread] [cli_server/cli_server.py:106]: Log pipe server started
2026-08-31 14:20:49,170 [INFO] [MainThread] [root/service.py:52]: AudioOutputService starting...
2026-08-31 14:20:49,372 [INFO] [MainThread] [root/bar_manager.py:238]: Starting HotkeyListener...
2026-08-31 14:20:49,372 [INFO] [MainThread] [root/bar_manager.py:103]: Starting WindowsNotificationEventListener...
2026-08-31 14:20:49,381 [INFO] [MainThread] [root/watcher.py:65]: Watching directory: c:\users\user\.config\yasb
2026-08-31 14:20:49,382 [INFO] [MainThread] [root/watcher.py:104]: Created file watcher
2026-08-31 14:20:49,416 [INFO] [MainThread] [root/update_service.py:434]: Background update checker started
2026-08-31 14:20:49,456 [INFO] [Dummy-10] [root/windows_notification.py:161]: Notification service started (WNF_SHEL_NOTIFICATION_TOTAL)
2026-08-31 14:21:03,455 [INFO] [MainThread] [root/controller.py:21]: Reloading Application because of config change.
2026-08-31 14:21:03,559 [INFO] [MainThread] [cli_server/cli_server.py:114]: Log pipe server stopped
2026-08-31 14:21:03,566 [INFO] [MainThread] [root/bar_manager.py:93]: Successfully loaded updated config and re-initialised all bars.
2026-08-31 14:21:03,607 [INFO] [MainThread] [root/bar_manager.py:111]: Stopping HotkeyListener...
2026-08-31 14:21:03,613 [INFO] [MainThread] [root/bar_manager.py:119]: Stopping WindowsNotificationEventListener...
2026-08-31 14:21:03,614 [INFO] [Dummy-10] [root/windows_notification.py:97]: Notification service stopped
2026-08-31 14:21:04,276 [INFO] [MainThread] [root/log.py:104]: YASB v2.0.6
2026-08-31 14:21:04,276 [INFO] [CLIPipeServer] [cli_server/cli_server.py:216]: CLI server started v1.1.7
2026-08-31 14:21:04,277 [INFO] [MainThread] [cli_server/cli_server.py:106]: Log pipe server started
2026-08-31 14:21:05,064 [INFO] [MainThread] [root/service.py:52]: AudioOutputService starting...
2026-08-31 14:21:05,315 [INFO] [MainThread] [root/bar_manager.py:238]: Starting HotkeyListener...
2026-08-31 14:21:05,316 [INFO] [MainThread] [root/bar_manager.py:103]: Starting WindowsNotificationEventListener...
2026-08-31 14:21:05,319 [INFO] [MainThread] [root/watcher.py:65]: Watching directory: c:\users\user\.config\yasb
2026-08-31 14:21:05,320 [INFO] [MainThread] [root/watcher.py:104]: Created file watcher
2026-08-31 14:21:05,351 [INFO] [MainThread] [root/update_service.py:434]: Background update checker started
2026-08-31 14:21:05,362 [INFO] [Dummy-10] [root/windows_notification.py:161]: Notification service started (WNF_SHEL_NOTIFICATION_TOTAL)
2026-08-31 14:21:48,118 [INFO] [MainThread] [root/controller.py:21]: Reloading Application because of config change.
2026-08-31 14:21:48,220 [INFO] [MainThread] [cli_server/cli_server.py:114]: Log pipe server stopped
2026-08-31 14:21:48,230 [INFO] [MainThread] [root/bar_manager.py:93]: Successfully loaded updated config and re-initialised all bars.
2026-08-31 14:21:48,274 [INFO] [MainThread] [root/bar_manager.py:111]: Stopping HotkeyListener...
2026-08-31 14:21:48,281 [INFO] [MainThread] [root/bar_manager.py:119]: Stopping WindowsNotificationEventListener...
2026-08-31 14:21:48,281 [INFO] [Dummy-10] [root/windows_notification.py:97]: Notification service stopped
2026-08-31 14:21:48,924 [INFO] [MainThread] [root/log.py:104]: YASB v2.0.6
2026-08-31 14:21:48,925 [INFO] [CLIPipeServer] [cli_server/cli_server.py:216]: CLI server started v1.1.7
2026-08-31 14:21:48,925 [INFO] [MainThread] [cli_server/cli_server.py:106]: Log pipe server started
2026-08-31 14:21:49,663 [INFO] [MainThread] [root/service.py:52]: AudioOutputService starting...
2026-08-31 14:21:49,833 [INFO] [MainThread] [root/bar_manager.py:238]: Starting HotkeyListener...
2026-08-31 14:21:49,834 [INFO] [MainThread] [root/bar_manager.py:103]: Starting WindowsNotificationEventListener...
2026-08-31 14:21:49,838 [INFO] [MainThread] [root/watcher.py:65]: Watching directory: c:\users\user\.config\yasb
2026-08-31 14:21:49,845 [INFO] [MainThread] [root/watcher.py:104]: Created file watcher
2026-08-31 14:21:49,882 [INFO] [MainThread] [root/update_service.py:434]: Background update checker started
2026-08-31 14:21:49,887 [INFO] [Dummy-10] [root/windows_notification.py:161]: Notification service started (WNF_SHEL_NOTIFICATION_TOTAL)
2026-08-31 14:21:55,248 [INFO] [MainThread] [root/controller.py:21]: Reloading Application because of config change.
2026-08-31 14:21:55,361 [INFO] [MainThread] [cli_server/cli_server.py:114]: Log pipe server stopped
2026-08-31 14:21:55,371 [INFO] [MainThread] [root/bar_manager.py:93]: Successfully loaded updated config and re-initialised all bars.
2026-08-31 14:21:55,410 [INFO] [MainThread] [root/bar_manager.py:111]: Stopping HotkeyListener...
2026-08-31 14:21:55,414 [INFO] [MainThread] [root/bar_manager.py:119]: Stopping WindowsNotificationEventListener...
2026-08-31 14:21:55,414 [INFO] [Dummy-10] [root/windows_notification.py:97]: Notification service stopped
2026-08-31 14:21:56,046 [INFO] [MainThread] [root/log.py:104]: YASB v2.0.6
2026-08-31 14:21:56,047 [INFO] [CLIPipeServer] [cli_server/cli_server.py:216]: CLI server started v1.1.7
2026-08-31 14:21:56,047 [INFO] [MainThread] [cli_server/cli_server.py:106]: Log pipe server started
2026-08-31 14:21:56,777 [INFO] [MainThread] [root/service.py:52]: AudioOutputService starting...
2026-08-31 14:21:56,969 [INFO] [MainThread] [root/bar_manager.py:238]: Starting HotkeyListener...
2026-08-31 14:21:56,970 [INFO] [MainThread] [root/bar_manager.py:103]: Starting WindowsNotificationEventListener...
2026-08-31 14:21:56,972 [INFO] [MainThread] [root/watcher.py:65]: Watching directory: c:\users\user\.config\yasb
2026-08-31 14:21:56,972 [INFO] [MainThread] [root/watcher.py:104]: Created file watcher
2026-08-31 14:21:57,020 [INFO] [MainThread] [root/update_service.py:434]: Background update checker started
2026-08-31 14:21:57,037 [INFO] [Dummy-10] [root/windows_notification.py:161]: Notification service started (WNF_SHEL_NOTIFICATION_TOTAL)
2026-08-31 14:22:35,583 [INFO] [MainThread] [root/controller.py:21]: Reloading Application because of config change.
2026-08-31 14:22:35,686 [INFO] [MainThread] [cli_server/cli_server.py:114]: Log pipe server stopped
2026-08-31 14:22:35,698 [INFO] [MainThread] [root/bar_manager.py:93]: Successfully loaded updated config and re-initialised all bars.
2026-08-31 14:22:35,739 [INFO] [MainThread] [root/bar_manager.py:111]: Stopping HotkeyListener...
2026-08-31 14:22:35,743 [INFO] [MainThread] [root/bar_manager.py:119]: Stopping WindowsNotificationEventListener...
2026-08-31 14:22:35,743 [INFO] [Dummy-10] [root/windows_notification.py:97]: Notification service stopped
2026-08-31 14:22:36,347 [INFO] [MainThread] [root/log.py:104]: YASB v2.0.6
2026-08-31 14:22:36,347 [INFO] [CLIPipeServer] [cli_server/cli_server.py:216]: CLI server started v1.1.7
2026-08-31 14:22:36,348 [INFO] [MainThread] [cli_server/cli_server.py:106]: Log pipe server started
2026-08-31 14:22:37,078 [INFO] [MainThread] [root/service.py:52]: AudioOutputService starting...
2026-08-31 14:22:37,262 [INFO] [MainThread] [root/bar_manager.py:238]: Starting HotkeyListener...
2026-08-31 14:22:37,262 [INFO] [MainThread] [root/bar_manager.py:103]: Starting WindowsNotificationEventListener...
2026-08-31 14:22:37,266 [INFO] [MainThread] [root/watcher.py:65]: Watching directory: c:\users\user\.config\yasb
2026-08-31 14:22:37,276 [INFO] [MainThread] [root/watcher.py:104]: Created file watcher
2026-08-31 14:22:37,327 [INFO] [Dummy-10] [root/windows_notification.py:161]: Notification service started (WNF_SHEL_NOTIFICATION_TOTAL)
2026-08-31 14:22:37,327 [INFO] [MainThread] [root/update_service.py:434]: Background update checker started
2026-08-31 14:22:48,285 [INFO] [MainThread] [root/controller.py:21]: Reloading Application because of config change.
2026-08-31 14:22:48,401 [INFO] [MainThread] [cli_server/cli_server.py:114]: Log pipe server stopped
2026-08-31 14:22:48,411 [INFO] [MainThread] [root/bar_manager.py:93]: Successfully loaded updated config and re-initialised all bars.
2026-08-31 14:22:48,450 [INFO] [MainThread] [root/bar_manager.py:111]: Stopping HotkeyListener...
2026-08-31 14:22:48,455 [INFO] [MainThread] [root/bar_manager.py:119]: Stopping WindowsNotificationEventListener...
2026-08-31 14:22:48,455 [INFO] [Dummy-10] [root/windows_notification.py:97]: Notification service stopped
2026-08-31 14:22:49,088 [INFO] [MainThread] [root/log.py:104]: YASB v2.0.6
2026-08-31 14:22:49,089 [INFO] [CLIPipeServer] [cli_server/cli_server.py:216]: CLI server started v1.1.7
2026-08-31 14:22:49,089 [INFO] [MainThread] [cli_server/cli_server.py:106]: Log pipe server started
2026-08-31 14:22:49,919 [INFO] [MainThread] [root/service.py:52]: AudioOutputService starting...
2026-08-31 14:22:50,142 [INFO] [MainThread] [root/bar_manager.py:238]: Starting HotkeyListener...
2026-08-31 14:22:50,142 [INFO] [MainThread] [root/bar_manager.py:103]: Starting WindowsNotificationEventListener...
2026-08-31 14:22:50,145 [INFO] [MainThread] [root/watcher.py:65]: Watching directory: c:\users\user\.config\yasb
2026-08-31 14:22:50,146 [INFO] [MainThread] [root/watcher.py:104]: Created file watcher
2026-08-31 14:22:50,225 [INFO] [MainThread] [root/update_service.py:434]: Background update checker started
2026-08-31 14:22:50,225 [INFO] [Dummy-10] [root/windows_notification.py:161]: Notification service started (WNF_SHEL_NOTIFICATION_TOTAL)
2026-08-31 14:22:57,444 [INFO] [MainThread] [root/controller.py:21]: Reloading Application because of config change.
2026-08-31 14:22:57,548 [INFO] [MainThread] [cli_server/cli_server.py:114]: Log pipe server stopped
2026-08-31 14:22:57,575 [INFO] [MainThread] [root/bar_manager.py:93]: Successfully loaded updated config and re-initialised all bars.
2026-08-31 14:22:57,621 [INFO] [MainThread] [root/bar_manager.py:111]: Stopping HotkeyListener...
2026-08-31 14:22:57,624 [INFO] [MainThread] [root/bar_manager.py:119]: Stopping WindowsNotificationEventListener...
2026-08-31 14:22:57,625 [INFO] [Dummy-10] [root/windows_notification.py:97]: Notification service stopped
2026-08-31 14:22:58,224 [INFO] [MainThread] [root/log.py:104]: YASB v2.0.6
2026-08-31 14:22:58,224 [INFO] [CLIPipeServer] [cli_server/cli_server.py:216]: CLI server started v1.1.7
2026-08-31 14:22:58,225 [INFO] [MainThread] [cli_server/cli_server.py:106]: Log pipe server started
2026-08-31 14:22:58,959 [INFO] [MainThread] [root/service.py:52]: AudioOutputService starting...
2026-08-31 14:22:59,154 [INFO] [MainThread] [root/bar_manager.py:238]: Starting HotkeyListener...
2026-08-31 14:22:59,154 [INFO] [MainThread] [root/bar_manager.py:103]: Starting WindowsNotificationEventListener...
2026-08-31 14:22:59,157 [INFO] [MainThread] [root/watcher.py:65]: Watching directory: c:\users\user\.config\yasb
2026-08-31 14:22:59,158 [INFO] [MainThread] [root/watcher.py:104]: Created file watcher
2026-08-31 14:22:59,199 [INFO] [MainThread] [root/update_service.py:434]: Background update checker started
2026-08-31 14:22:59,206 [INFO] [Dummy-10] [root/windows_notification.py:161]: Notification service started (WNF_SHEL_NOTIFICATION_TOTAL)
2026-08-31 14:36:18,206 [INFO] [MainThread] [root/controller.py:43]: Exiting Application from tray...
2026-08-31 14:36:18,309 [INFO] [MainThread] [cli_server/cli_server.py:114]: Log pipe server stopped
2026-08-31 14:36:18,355 [INFO] [MainThread] [root/bar_manager.py:111]: Stopping HotkeyListener...
2026-08-31 14:36:18,360 [INFO] [MainThread] [root/bar_manager.py:119]: Stopping WindowsNotificationEventListener...
2026-08-31 14:36:18,361 [INFO] [Dummy-10] [root/windows_notification.py:97]: Notification service stopped
2026-08-31 15:12:01,819 [INFO] [MainThread] [root/log.py:104]: YASB v2.0.6
2026-08-31 15:12:01,821 [INFO] [CLIPipeServer] [cli_server/cli_server.py:216]: CLI server started v1.1.7
2026-08-31 15:12:01,822 [INFO] [MainThread] [cli_server/cli_server.py:106]: Log pipe server started
2026-08-31 15:12:04,598 [INFO] [MainThread] [root/service.py:52]: AudioOutputService starting...
2026-08-31 15:12:05,121 [INFO] [MainThread] [root/bar_manager.py:238]: Starting HotkeyListener...
2026-08-31 15:12:05,122 [INFO] [MainThread] [root/bar_manager.py:103]: Starting WindowsNotificationEventListener...
2026-08-31 15:12:05,129 [INFO] [MainThread] [root/watcher.py:65]: Watching directory: c:\users\user\.config\yasb
2026-08-31 15:12:05,130 [INFO] [MainThread] [root/watcher.py:104]: Created file watcher
2026-08-31 15:12:05,276 [INFO] [MainThread] [root/update_service.py:434]: Background update checker started
2026-08-31 15:12:05,279 [INFO] [Dummy-10] [root/windows_notification.py:161]: Notification service started (WNF_SHEL_NOTIFICATION_TOTAL)
2026-08-31 15:17:35,601 [INFO] [MainThread] [root/service.py:223]: Quick Launch rebuilding app list after install/uninstall detected
2026-08-31 15:18:25,730 [INFO] [MainThread] [root/service.py:223]: Quick Launch rebuilding app list after install/uninstall detected
2026-08-31 15:53:20,547 [INFO] [MainThread] [root/controller.py:43]: Exiting Application...
2026-08-31 15:53:20,658 [INFO] [MainThread] [cli_server/cli_server.py:114]: Log pipe server stopped
2026-08-31 15:53:20,721 [INFO] [MainThread] [root/bar_manager.py:111]: Stopping HotkeyListener...
2026-08-31 15:53:20,723 [INFO] [MainThread] [root/bar_manager.py:119]: Stopping WindowsNotificationEventListener...
2026-08-31 15:53:20,724 [INFO] [Dummy-10] [root/windows_notification.py:97]: Notification service stopped
2026-08-31 15:53:37,038 [INFO] [MainThread] [root/log.py:104]: YASB v2.0.6
2026-08-31 15:53:37,039 [INFO] [CLIPipeServer] [cli_server/cli_server.py:216]: CLI server started v1.1.7
2026-08-31 15:53:37,039 [INFO] [MainThread] [cli_server/cli_server.py:106]: Log pipe server started
2026-08-31 15:53:38,378 [INFO] [MainThread] [root/service.py:52]: AudioOutputService starting...
2026-08-31 15:53:38,975 [INFO] [MainThread] [root/bar_manager.py:238]: Starting HotkeyListener...
2026-08-31 15:53:38,975 [INFO] [MainThread] [root/bar_manager.py:103]: Starting WindowsNotificationEventListener...
2026-08-31 15:53:38,979 [INFO] [MainThread] [root/watcher.py:65]: Watching directory: c:\users\user\.config\yasb
2026-08-31 15:53:38,980 [INFO] [MainThread] [root/watcher.py:104]: Created file watcher
2026-08-31 15:53:39,035 [INFO] [MainThread] [root/update_service.py:434]: Background update checker started
2026-08-31 15:53:39,110 [INFO] [Dummy-10] [root/windows_notification.py:161]: Notification service started (WNF_SHEL_NOTIFICATION_TOTAL)
2026-08-31 16:03:51,942 [INFO] [MainThread] [root/service.py:223]: Quick Launch rebuilding app list after install/uninstall detected
2026-08-31 16:26:35,298 [INFO] [MainThread] [root/service.py:223]: Quick Launch rebuilding app list after install/uninstall detected
2026-08-31 16:26:54,508 [INFO] [MainThread] [root/service.py:223]: Quick Launch rebuilding app list after install/uninstall detected
2026-08-31 16:33:02,112 [INFO] [MainThread] [root/controller.py:21]: Reloading Application because of config change.
2026-08-31 16:33:02,218 [INFO] [MainThread] [cli_server/cli_server.py:114]: Log pipe server stopped
2026-08-31 16:33:02,235 [INFO] [MainThread] [root/bar_manager.py:93]: Successfully loaded updated config and re-initialised all bars.
2026-08-31 16:33:02,278 [INFO] [MainThread] [root/bar_manager.py:111]: Stopping HotkeyListener...
2026-08-31 16:33:02,284 [INFO] [MainThread] [root/bar_manager.py:119]: Stopping WindowsNotificationEventListener...
2026-08-31 16:33:02,285 [INFO] [Dummy-10] [root/windows_notification.py:97]: Notification service stopped
2026-08-31 16:33:03,057 [INFO] [MainThread] [root/log.py:104]: YASB v2.0.6
2026-08-31 16:33:03,057 [INFO] [CLIPipeServer] [cli_server/cli_server.py:216]: CLI server started v1.1.7
2026-08-31 16:33:03,058 [INFO] [MainThread] [cli_server/cli_server.py:106]: Log pipe server started
2026-08-31 16:33:03,119 [ERROR] [MainThread] [root/css_processor.py:43]: CSSProcessor Error 'C:\Users\User\.config\yasb\styles.css': [Errno 2] No such file or directory: 'C:\\Users\\User\\.config\\yasb\\styles.css'
2026-08-31 16:33:03,119 [ERROR] [MainThread] [root/config.py:158]: User stylesheet could not be loaded. Exiting Application.
2026-08-31 16:33:23,028 [INFO] [MainThread] [root/log.py:104]: YASB v2.0.6
2026-08-31 16:33:23,028 [INFO] [CLIPipeServer] [cli_server/cli_server.py:216]: CLI server started v1.1.7
2026-08-31 16:33:23,029 [INFO] [MainThread] [cli_server/cli_server.py:106]: Log pipe server started
2026-08-31 16:33:23,898 [INFO] [MainThread] [root/service.py:52]: AudioOutputService starting...
2026-08-31 16:33:24,272 [INFO] [MainThread] [root/bar_manager.py:238]: Starting HotkeyListener...
2026-08-31 16:33:24,272 [INFO] [MainThread] [root/bar_manager.py:103]: Starting WindowsNotificationEventListener...
2026-08-31 16:33:24,276 [INFO] [MainThread] [root/watcher.py:65]: Watching directory: c:\users\user\.config\yasb
2026-08-31 16:33:24,276 [INFO] [MainThread] [root/watcher.py:104]: Created file watcher
2026-08-31 16:33:24,305 [INFO] [MainThread] [root/update_service.py:434]: Background update checker started
2026-08-31 16:33:24,312 [INFO] [Dummy-10] [root/windows_notification.py:161]: Notification service started (WNF_SHEL_NOTIFICATION_TOTAL)
2026-08-31 16:34:08,610 [WARNING] [MainThread] [root/wallpaper_manager.py:129]: Invalid image path: ~\Pictures\.yasb_wallpaper_cache
2026-08-31 16:34:08,610 [WARNING] [MainThread] [root/wallpaper_manager.py:138]: No wallpapers found in ['~\\Pictures\\.yasb_wallpaper_cache']
2026-08-31 16:34:10,349 [WARNING] [MainThread] [root/wallpaper_manager.py:129]: Invalid image path: ~\Pictures\.yasb_wallpaper_cache
2026-08-31 16:34:10,350 [WARNING] [MainThread] [root/wallpaper_manager.py:138]: No wallpapers found in ['~\\Pictures\\.yasb_wallpaper_cache']
2026-08-31 16:34:10,485 [WARNING] [MainThread] [root/wallpaper_manager.py:129]: Invalid image path: ~\Pictures\.yasb_wallpaper_cache
2026-08-31 16:34:10,485 [WARNING] [MainThread] [root/wallpaper_manager.py:138]: No wallpapers found in ['~\\Pictures\\.yasb_wallpaper_cache']
2026-08-31 16:34:11,903 [WARNING] [MainThread] [root/wallpaper_manager.py:129]: Invalid image path: ~\Pictures\.yasb_wallpaper_cache
2026-08-31 16:34:11,903 [WARNING] [MainThread] [root/wallpaper_manager.py:138]: No wallpapers found in ['~\\Pictures\\.yasb_wallpaper_cache']
2026-08-31 16:40:42,752 [INFO] [MainThread] [root/controller.py:21]: Reloading Application from tray...
2026-08-31 16:40:42,864 [INFO] [MainThread] [cli_server/cli_server.py:114]: Log pipe server stopped
2026-08-31 16:40:42,945 [INFO] [MainThread] [root/bar_manager.py:111]: Stopping HotkeyListener...
2026-08-31 16:40:42,948 [INFO] [MainThread] [root/bar_manager.py:119]: Stopping WindowsNotificationEventListener...
2026-08-31 16:40:42,949 [INFO] [Dummy-10] [root/windows_notification.py:97]: Notification service stopped
2026-08-31 16:40:43,632 [INFO] [MainThread] [root/log.py:104]: YASB v2.0.6
2026-08-31 16:40:43,632 [INFO] [CLIPipeServer] [cli_server/cli_server.py:216]: CLI server started v1.1.7
2026-08-31 16:40:43,633 [INFO] [MainThread] [cli_server/cli_server.py:106]: Log pipe server started
2026-08-31 16:40:44,628 [INFO] [MainThread] [root/service.py:52]: AudioOutputService starting...
2026-08-31 16:40:45,009 [INFO] [MainThread] [root/bar_manager.py:238]: Starting HotkeyListener...
2026-08-31 16:40:45,010 [INFO] [MainThread] [root/bar_manager.py:103]: Starting WindowsNotificationEventListener...
2026-08-31 16:40:45,014 [INFO] [MainThread] [root/watcher.py:65]: Watching directory: c:\users\user\.config\yasb
2026-08-31 16:40:45,014 [INFO] [MainThread] [root/watcher.py:104]: Created file watcher
2026-08-31 16:40:45,037 [INFO] [MainThread] [root/update_service.py:434]: Background update checker started
2026-08-31 16:40:45,049 [INFO] [Dummy-10] [root/windows_notification.py:161]: Notification service started (WNF_SHEL_NOTIFICATION_TOTAL)
2026-08-31 16:42:08,672 [INFO] [MainThread] [root/controller.py:21]: Reloading Application because of config change.
2026-08-31 16:42:08,783 [INFO] [MainThread] [cli_server/cli_server.py:114]: Log pipe server stopped
2026-08-31 16:42:08,796 [INFO] [MainThread] [root/bar_manager.py:93]: Successfully loaded updated config and re-initialised all bars.
2026-08-31 16:42:08,877 [INFO] [MainThread] [root/bar_manager.py:111]: Stopping HotkeyListener...
2026-08-31 16:42:08,884 [INFO] [MainThread] [root/bar_manager.py:119]: Stopping WindowsNotificationEventListener...
2026-08-31 16:42:08,887 [INFO] [Dummy-10] [root/windows_notification.py:97]: Notification service stopped
2026-08-31 16:42:09,795 [INFO] [MainThread] [root/log.py:104]: YASB v2.0.6
2026-08-31 16:42:09,796 [INFO] [CLIPipeServer] [cli_server/cli_server.py:216]: CLI server started v1.1.7
2026-08-31 16:42:09,796 [INFO] [MainThread] [cli_server/cli_server.py:106]: Log pipe server started
2026-08-31 16:42:10,703 [INFO] [MainThread] [root/service.py:52]: AudioOutputService starting...
2026-08-31 16:42:11,073 [INFO] [MainThread] [root/bar_manager.py:238]: Starting HotkeyListener...
2026-08-31 16:42:11,073 [INFO] [MainThread] [root/bar_manager.py:103]: Starting WindowsNotificationEventListener...
2026-08-31 16:42:11,078 [INFO] [MainThread] [root/watcher.py:65]: Watching directory: c:\users\user\.config\yasb
2026-08-31 16:42:11,078 [INFO] [MainThread] [root/watcher.py:104]: Created file watcher
2026-08-31 16:42:11,107 [INFO] [MainThread] [root/update_service.py:434]: Background update checker started
2026-08-31 16:42:11,117 [INFO] [Dummy-10] [root/windows_notification.py:161]: Notification service started (WNF_SHEL_NOTIFICATION_TOTAL)
2026-08-31 16:44:47,458 [INFO] [MainThread] [root/controller.py:21]: Reloading Application because of config change.
2026-08-31 16:44:47,560 [INFO] [MainThread] [cli_server/cli_server.py:114]: Log pipe server stopped
2026-08-31 16:44:47,574 [INFO] [MainThread] [root/bar_manager.py:93]: Successfully loaded updated config and re-initialised all bars.
2026-08-31 16:44:47,655 [INFO] [MainThread] [root/bar_manager.py:111]: Stopping HotkeyListener...
2026-08-31 16:44:47,665 [INFO] [MainThread] [root/bar_manager.py:119]: Stopping WindowsNotificationEventListener...
2026-08-31 16:44:47,719 [INFO] [Dummy-10] [root/windows_notification.py:97]: Notification service stopped
2026-08-31 16:44:48,544 [INFO] [MainThread] [root/log.py:104]: YASB v2.0.6
2026-08-31 16:44:48,545 [INFO] [CLIPipeServer] [cli_server/cli_server.py:216]: CLI server started v1.1.7
2026-08-31 16:44:48,545 [INFO] [MainThread] [cli_server/cli_server.py:106]: Log pipe server started
2026-08-31 16:44:49,593 [INFO] [MainThread] [root/service.py:52]: AudioOutputService starting...
2026-08-31 16:44:49,977 [INFO] [MainThread] [root/bar_manager.py:238]: Starting HotkeyListener...
2026-08-31 16:44:49,977 [INFO] [MainThread] [root/bar_manager.py:103]: Starting WindowsNotificationEventListener...
2026-08-31 16:44:49,981 [INFO] [MainThread] [root/watcher.py:65]: Watching directory: c:\users\user\.config\yasb
2026-08-31 16:44:49,981 [INFO] [MainThread] [root/watcher.py:104]: Created file watcher
2026-08-31 16:44:50,016 [INFO] [MainThread] [root/update_service.py:434]: Background update checker started
2026-08-31 16:44:50,026 [INFO] [Dummy-10] [root/windows_notification.py:161]: Notification service started (WNF_SHEL_NOTIFICATION_TOTAL)
2026-08-31 16:53:23,625 [INFO] [MainThread] [root/controller.py:21]: Reloading Application because of config change.
2026-08-31 16:53:23,735 [INFO] [MainThread] [cli_server/cli_server.py:114]: Log pipe server stopped
2026-08-31 16:53:23,767 [INFO] [MainThread] [root/bar_manager.py:93]: Successfully loaded updated config and re-initialised all bars.
2026-08-31 16:53:23,891 [INFO] [MainThread] [root/bar_manager.py:111]: Stopping HotkeyListener...
2026-08-31 16:53:23,907 [INFO] [MainThread] [root/bar_manager.py:119]: Stopping WindowsNotificationEventListener...
2026-08-31 16:53:23,910 [INFO] [Dummy-10] [root/windows_notification.py:97]: Notification service stopped
2026-08-31 16:53:24,713 [INFO] [MainThread] [root/log.py:104]: YASB v2.0.6
2026-08-31 16:53:24,714 [INFO] [CLIPipeServer] [cli_server/cli_server.py:216]: CLI server started v1.1.7
2026-08-31 16:53:24,715 [INFO] [MainThread] [cli_server/cli_server.py:106]: Log pipe server started
2026-08-31 16:53:25,618 [INFO] [MainThread] [root/service.py:52]: AudioOutputService starting...
2026-08-31 16:53:25,992 [INFO] [MainThread] [root/bar_manager.py:238]: Starting HotkeyListener...
2026-08-31 16:53:25,992 [INFO] [MainThread] [root/bar_manager.py:103]: Starting WindowsNotificationEventListener...
2026-08-31 16:53:25,996 [INFO] [MainThread] [root/watcher.py:65]: Watching directory: c:\users\user\.config\yasb
2026-08-31 16:53:26,001 [INFO] [MainThread] [root/watcher.py:104]: Created file watcher
2026-08-31 16:53:26,026 [INFO] [MainThread] [root/update_service.py:434]: Background update checker started
2026-08-31 16:53:26,032 [INFO] [Dummy-10] [root/windows_notification.py:161]: Notification service started (WNF_SHEL_NOTIFICATION_TOTAL)
2026-08-31 16:53:37,897 [ERROR] [Thread-11 (_run_after_command)] [root/wallpaper_manager.py:173]: error: El argumento 'C:\Users\User\.config\yasb\scripts\sync_wallpaper_desktops.ps1' para el par�metro -File no existe. Proporcione la ruta de acceso a un archivo '.ps1' existente como argumento para el par�metro -File.

2026-08-31 16:54:52,516 [INFO] [MainThread] [root/controller.py:21]: Reloading Application from tray...
2026-08-31 16:54:52,632 [INFO] [MainThread] [cli_server/cli_server.py:114]: Log pipe server stopped
2026-08-31 16:54:52,696 [INFO] [MainThread] [root/bar_manager.py:111]: Stopping HotkeyListener...
2026-08-31 16:54:52,701 [INFO] [MainThread] [root/bar_manager.py:119]: Stopping WindowsNotificationEventListener...
2026-08-31 16:54:52,701 [INFO] [Dummy-10] [root/windows_notification.py:97]: Notification service stopped
2026-08-31 16:54:53,483 [INFO] [MainThread] [root/log.py:104]: YASB v2.0.6
2026-08-31 16:54:53,484 [INFO] [CLIPipeServer] [cli_server/cli_server.py:216]: CLI server started v1.1.7
2026-08-31 16:54:53,484 [INFO] [MainThread] [cli_server/cli_server.py:106]: Log pipe server started
2026-08-31 16:54:54,390 [INFO] [MainThread] [root/service.py:52]: AudioOutputService starting...
2026-08-31 16:54:54,766 [INFO] [MainThread] [root/bar_manager.py:238]: Starting HotkeyListener...
2026-08-31 16:54:54,766 [INFO] [MainThread] [root/bar_manager.py:103]: Starting WindowsNotificationEventListener...
2026-08-31 16:54:54,770 [INFO] [MainThread] [root/watcher.py:65]: Watching directory: c:\users\user\.config\yasb
2026-08-31 16:54:54,770 [INFO] [MainThread] [root/watcher.py:104]: Created file watcher
2026-08-31 16:54:54,801 [INFO] [MainThread] [root/update_service.py:434]: Background update checker started
2026-08-31 16:54:54,831 [INFO] [Dummy-10] [root/windows_notification.py:161]: Notification service started (WNF_SHEL_NOTIFICATION_TOTAL)
2026-08-31 16:55:26,348 [INFO] [MainThread] [root/bar_helper.py:594]: AppBarManager need to re-register 1 bar
2026-08-31 16:55:26,995 [INFO] [MainThread] [root/bar_helper.py:603]: Re-registered AppBar for primary-bar_MSI G271_45a31cd0 (space reservation + fullscreen)
2026-08-31 16:57:12,640 [INFO] [MainThread] [root/controller.py:21]: Reloading Application because of config change.
2026-08-31 16:57:12,753 [INFO] [MainThread] [cli_server/cli_server.py:114]: Log pipe server stopped
2026-08-31 16:57:12,765 [INFO] [MainThread] [root/bar_manager.py:93]: Successfully loaded updated config and re-initialised all bars.
2026-08-31 16:57:12,809 [INFO] [MainThread] [root/bar_manager.py:111]: Stopping HotkeyListener...
2026-08-31 16:57:12,814 [INFO] [MainThread] [root/bar_manager.py:119]: Stopping WindowsNotificationEventListener...
2026-08-31 16:57:12,814 [INFO] [Dummy-10] [root/windows_notification.py:97]: Notification service stopped
2026-08-31 16:57:13,430 [INFO] [MainThread] [root/log.py:104]: YASB v2.0.6
2026-08-31 16:57:13,430 [INFO] [CLIPipeServer] [cli_server/cli_server.py:216]: CLI server started v1.1.7
2026-08-31 16:57:13,431 [INFO] [MainThread] [cli_server/cli_server.py:106]: Log pipe server started
2026-08-31 16:57:14,381 [INFO] [MainThread] [root/service.py:52]: AudioOutputService starting...
2026-08-31 16:57:14,725 [INFO] [MainThread] [root/bar_manager.py:238]: Starting HotkeyListener...
2026-08-31 16:57:14,726 [INFO] [MainThread] [root/bar_manager.py:103]: Starting WindowsNotificationEventListener...
2026-08-31 16:57:14,732 [INFO] [MainThread] [root/watcher.py:65]: Watching directory: c:\users\user\.config\yasb
2026-08-31 16:57:14,732 [INFO] [MainThread] [root/watcher.py:104]: Created file watcher
2026-08-31 16:57:14,775 [INFO] [MainThread] [root/update_service.py:434]: Background update checker started
2026-08-31 16:57:14,777 [INFO] [Dummy-10] [root/windows_notification.py:161]: Notification service started (WNF_SHEL_NOTIFICATION_TOTAL)
2026-08-31 16:58:19,429 [INFO] [MainThread] [root/controller.py:21]: Reloading Application because of config change.
2026-08-31 16:58:19,538 [INFO] [MainThread] [cli_server/cli_server.py:114]: Log pipe server stopped
2026-08-31 16:58:19,548 [INFO] [MainThread] [root/bar_manager.py:93]: Successfully loaded updated config and re-initialised all bars.
2026-08-31 16:58:19,599 [INFO] [MainThread] [root/bar_manager.py:111]: Stopping HotkeyListener...
2026-08-31 16:58:19,603 [INFO] [MainThread] [root/bar_manager.py:119]: Stopping WindowsNotificationEventListener...
2026-08-31 16:58:19,604 [INFO] [Dummy-10] [root/windows_notification.py:97]: Notification service stopped
Windows fatal exception: access violation

Thread 0x00000990 (most recent call first):
  <no Python frame>

Thread 0x00000c84 [LogPipeServer] (most recent call first):
  File "D:\a\yasb\yasb\src\core\utils\win32\bindings\kernel32.py", line 291 in ConnectNamedPipe
  File "D:\a\yasb\yasb\src\core\utils\cli_server.py", line 138 in _run_server
  File "C:\hostedtoolcache\windows\Python\3.14.6\x64\Lib\threading.py", line 1024 in run
  File "C:\hostedtoolcache\windows\Python\3.14.6\x64\Lib\threading.py", line 1082 in _bootstrap_inner
  File "C:\hostedtoolcache\windows\Python\3.14.6\x64\Lib\threading.py", line 1044 in _bootstrap

Thread 0x00000310 [CLIPipeServer] (most recent call first):
  File "D:\a\yasb\yasb\src\core\utils\win32\bindings\kernel32.py", line 291 in ConnectNamedPipe
  File "D:\a\yasb\yasb\src\core\utils\cli_server.py", line 235 in _run_server
  File "C:\hostedtoolcache\windows\Python\3.14.6\x64\Lib\threading.py", line 1024 in run
  File "C:\hostedtoolcache\windows\Python\3.14.6\x64\Lib\threading.py", line 1082 in _bootstrap_inner
  File "C:\hostedtoolcache\windows\Python\3.14.6\x64\Lib\threading.py", line 1044 in _bootstrap

Current thread 0x000010dc (most recent call first):
  File "main.py", line 203 in <module>
  File "D:\a\yasb\yasb\venv\Lib\site-packages\freeze_core\initscripts\console.py", line 43 in run
  File "src/freeze_core/initscripts/__startup__.py", line 147 in run
2026-08-31 16:58:20,327 [INFO] [MainThread] [root/log.py:104]: YASB v2.0.6
2026-08-31 16:58:20,328 [INFO] [CLIPipeServer] [cli_server/cli_server.py:216]: CLI server started v1.1.7
2026-08-31 16:58:20,328 [INFO] [MainThread] [cli_server/cli_server.py:106]: Log pipe server started
2026-08-31 16:58:20,328 [INFO] [MainThread] [root/main.py:48]: Waiting for previous YASB instance to exit...
2026-08-31 16:58:23,083 [INFO] [MainThread] [root/main.py:74]: Previous instance exited, continuing startup.
2026-08-31 16:58:24,107 [INFO] [MainThread] [root/service.py:52]: AudioOutputService starting...
2026-08-31 16:58:24,593 [INFO] [MainThread] [root/bar_manager.py:238]: Starting HotkeyListener...
2026-08-31 16:58:24,593 [INFO] [MainThread] [root/bar_manager.py:103]: Starting WindowsNotificationEventListener...
2026-08-31 16:58:24,598 [INFO] [MainThread] [root/watcher.py:65]: Watching directory: c:\users\user\.config\yasb
2026-08-31 16:58:24,598 [INFO] [MainThread] [root/watcher.py:104]: Created file watcher
2026-08-31 16:58:24,622 [INFO] [MainThread] [root/update_service.py:434]: Background update checker started
2026-08-31 16:58:24,638 [INFO] [Dummy-10] [root/windows_notification.py:161]: Notification service started (WNF_SHEL_NOTIFICATION_TOTAL)
2026-08-31 17:00:58,542 [INFO] [MainThread] [root/controller.py:21]: Reloading Application because of config change.
2026-08-31 17:00:58,647 [INFO] [MainThread] [cli_server/cli_server.py:114]: Log pipe server stopped
2026-08-31 17:00:58,663 [INFO] [MainThread] [root/bar_manager.py:93]: Successfully loaded updated config and re-initialised all bars.
2026-08-31 17:00:58,713 [INFO] [MainThread] [root/bar_manager.py:111]: Stopping HotkeyListener...
2026-08-31 17:00:58,719 [INFO] [MainThread] [root/bar_manager.py:119]: Stopping WindowsNotificationEventListener...
2026-08-31 17:00:58,719 [INFO] [Dummy-10] [root/windows_notification.py:97]: Notification service stopped
2026-08-31 17:00:59,465 [INFO] [MainThread] [root/log.py:104]: YASB v2.0.6
2026-08-31 17:00:59,466 [INFO] [CLIPipeServer] [cli_server/cli_server.py:216]: CLI server started v1.1.7
2026-08-31 17:00:59,466 [INFO] [MainThread] [cli_server/cli_server.py:106]: Log pipe server started
2026-08-31 17:01:00,399 [INFO] [MainThread] [root/service.py:52]: AudioOutputService starting...
2026-08-31 17:01:00,792 [INFO] [MainThread] [root/bar_manager.py:238]: Starting HotkeyListener...
2026-08-31 17:01:00,792 [INFO] [MainThread] [root/bar_manager.py:103]: Starting WindowsNotificationEventListener...
2026-08-31 17:01:00,796 [INFO] [MainThread] [root/watcher.py:65]: Watching directory: c:\users\user\.config\yasb
2026-08-31 17:01:00,796 [INFO] [MainThread] [root/watcher.py:104]: Created file watcher
2026-08-31 17:01:00,824 [INFO] [MainThread] [root/update_service.py:434]: Background update checker started
2026-08-31 17:01:00,831 [INFO] [Dummy-10] [root/windows_notification.py:161]: Notification service started (WNF_SHEL_NOTIFICATION_TOTAL)
2026-08-31 17:01:16,499 [INFO] [MainThread] [root/controller.py:21]: Reloading Application because of config change.
2026-08-31 17:01:16,615 [INFO] [MainThread] [cli_server/cli_server.py:114]: Log pipe server stopped
2026-08-31 17:01:16,639 [INFO] [MainThread] [root/bar_manager.py:93]: Successfully loaded updated config and re-initialised all bars.
2026-08-31 17:01:16,688 [INFO] [MainThread] [root/bar_manager.py:111]: Stopping HotkeyListener...
2026-08-31 17:01:16,691 [INFO] [MainThread] [root/bar_manager.py:119]: Stopping WindowsNotificationEventListener...
2026-08-31 17:01:16,692 [INFO] [Dummy-10] [root/windows_notification.py:97]: Notification service stopped
2026-08-31 17:01:17,426 [INFO] [MainThread] [root/log.py:104]: YASB v2.0.6
2026-08-31 17:01:17,426 [INFO] [CLIPipeServer] [cli_server/cli_server.py:216]: CLI server started v1.1.7
2026-08-31 17:01:17,427 [INFO] [MainThread] [cli_server/cli_server.py:106]: Log pipe server started
2026-08-31 17:01:18,330 [INFO] [MainThread] [root/service.py:52]: AudioOutputService starting...
2026-08-31 17:01:18,707 [INFO] [MainThread] [root/bar_manager.py:238]: Starting HotkeyListener...
2026-08-31 17:01:18,708 [INFO] [MainThread] [root/bar_manager.py:103]: Starting WindowsNotificationEventListener...
2026-08-31 17:01:18,711 [INFO] [MainThread] [root/watcher.py:65]: Watching directory: c:\users\user\.config\yasb
2026-08-31 17:01:18,711 [INFO] [MainThread] [root/watcher.py:104]: Created file watcher
2026-08-31 17:01:18,737 [INFO] [MainThread] [root/update_service.py:434]: Background update checker started
2026-08-31 17:01:18,746 [INFO] [Dummy-10] [root/windows_notification.py:161]: Notification service started (WNF_SHEL_NOTIFICATION_TOTAL)
2026-08-31 17:01:27,384 [INFO] [MainThread] [root/controller.py:21]: Reloading Application because of config change.
2026-08-31 17:01:27,493 [INFO] [MainThread] [cli_server/cli_server.py:114]: Log pipe server stopped
2026-08-31 17:01:27,510 [INFO] [MainThread] [root/bar_manager.py:93]: Successfully loaded updated config and re-initialised all bars.
2026-08-31 17:01:27,554 [INFO] [MainThread] [root/bar_manager.py:111]: Stopping HotkeyListener...
2026-08-31 17:01:27,558 [INFO] [MainThread] [root/bar_manager.py:119]: Stopping WindowsNotificationEventListener...
2026-08-31 17:01:27,559 [INFO] [Dummy-10] [root/windows_notification.py:97]: Notification service stopped
2026-08-31 17:01:28,274 [INFO] [MainThread] [root/log.py:104]: YASB v2.0.6
2026-08-31 17:01:28,274 [INFO] [CLIPipeServer] [cli_server/cli_server.py:216]: CLI server started v1.1.7
2026-08-31 17:01:28,275 [INFO] [MainThread] [cli_server/cli_server.py:106]: Log pipe server started
2026-08-31 17:01:29,385 [INFO] [MainThread] [root/service.py:52]: AudioOutputService starting...
2026-08-31 17:01:29,816 [INFO] [MainThread] [root/bar_manager.py:238]: Starting HotkeyListener...
2026-08-31 17:01:29,817 [INFO] [MainThread] [root/bar_manager.py:103]: Starting WindowsNotificationEventListener...
2026-08-31 17:01:29,821 [INFO] [MainThread] [root/watcher.py:65]: Watching directory: c:\users\user\.config\yasb
2026-08-31 17:01:29,821 [INFO] [MainThread] [root/watcher.py:104]: Created file watcher
2026-08-31 17:01:29,858 [INFO] [MainThread] [root/update_service.py:434]: Background update checker started
2026-08-31 17:01:29,867 [INFO] [Dummy-10] [root/windows_notification.py:161]: Notification service started (WNF_SHEL_NOTIFICATION_TOTAL)
2026-08-31 17:01:37,781 [INFO] [MainThread] [root/controller.py:21]: Reloading Application because of config change.
2026-08-31 17:01:37,887 [INFO] [MainThread] [cli_server/cli_server.py:114]: Log pipe server stopped
2026-08-31 17:01:37,896 [INFO] [MainThread] [root/bar_manager.py:93]: Successfully loaded updated config and re-initialised all bars.
2026-08-31 17:01:37,940 [INFO] [MainThread] [root/bar_manager.py:111]: Stopping HotkeyListener...
2026-08-31 17:01:37,946 [INFO] [MainThread] [root/bar_manager.py:119]: Stopping WindowsNotificationEventListener...
2026-08-31 17:01:37,947 [INFO] [Dummy-10] [root/windows_notification.py:97]: Notification service stopped
2026-08-31 17:01:38,720 [INFO] [MainThread] [root/log.py:104]: YASB v2.0.6
2026-08-31 17:01:38,720 [INFO] [CLIPipeServer] [cli_server/cli_server.py:216]: CLI server started v1.1.7
2026-08-31 17:01:38,721 [INFO] [MainThread] [cli_server/cli_server.py:106]: Log pipe server started
2026-08-31 17:01:39,862 [INFO] [MainThread] [root/service.py:52]: AudioOutputService starting...
2026-08-31 17:01:40,671 [INFO] [MainThread] [root/bar_manager.py:238]: Starting HotkeyListener...
2026-08-31 17:01:40,672 [INFO] [MainThread] [root/bar_manager.py:103]: Starting WindowsNotificationEventListener...
2026-08-31 17:01:40,680 [INFO] [MainThread] [root/watcher.py:65]: Watching directory: c:\users\user\.config\yasb
2026-08-31 17:01:40,680 [INFO] [MainThread] [root/watcher.py:104]: Created file watcher
2026-08-31 17:01:40,766 [INFO] [MainThread] [root/update_service.py:434]: Background update checker started
2026-08-31 17:01:40,768 [INFO] [Dummy-10] [root/windows_notification.py:161]: Notification service started (WNF_SHEL_NOTIFICATION_TOTAL)
2026-08-31 17:02:43,427 [INFO] [MainThread] [root/controller.py:21]: Reloading Application because of config change.
2026-08-31 17:02:43,533 [INFO] [MainThread] [cli_server/cli_server.py:114]: Log pipe server stopped
2026-08-31 17:02:43,552 [INFO] [MainThread] [root/bar_manager.py:93]: Successfully loaded updated config and re-initialised all bars.
2026-08-31 17:02:43,602 [INFO] [MainThread] [root/bar_manager.py:111]: Stopping HotkeyListener...
2026-08-31 17:02:43,607 [INFO] [MainThread] [root/bar_manager.py:119]: Stopping WindowsNotificationEventListener...
2026-08-31 17:02:43,608 [INFO] [Dummy-10] [root/windows_notification.py:97]: Notification service stopped
2026-08-31 17:02:44,342 [INFO] [MainThread] [root/log.py:104]: YASB v2.0.6
2026-08-31 17:02:44,343 [INFO] [CLIPipeServer] [cli_server/cli_server.py:216]: CLI server started v1.1.7
2026-08-31 17:02:44,343 [INFO] [MainThread] [cli_server/cli_server.py:106]: Log pipe server started
2026-08-31 17:02:45,257 [INFO] [MainThread] [root/service.py:52]: AudioOutputService starting...
2026-08-31 17:02:45,694 [INFO] [MainThread] [root/bar_manager.py:238]: Starting HotkeyListener...
2026-08-31 17:02:45,695 [INFO] [MainThread] [root/bar_manager.py:103]: Starting WindowsNotificationEventListener...
2026-08-31 17:02:45,698 [INFO] [MainThread] [root/watcher.py:65]: Watching directory: c:\users\user\.config\yasb
2026-08-31 17:02:45,698 [INFO] [MainThread] [root/watcher.py:104]: Created file watcher
2026-08-31 17:02:45,721 [INFO] [MainThread] [root/update_service.py:434]: Background update checker started
2026-08-31 17:02:45,731 [INFO] [Dummy-10] [root/windows_notification.py:161]: Notification service started (WNF_SHEL_NOTIFICATION_TOTAL)
2026-08-31 17:03:19,437 [INFO] [MainThread] [root/bar_helper.py:594]: AppBarManager need to re-register 1 bar
2026-08-31 17:03:19,637 [INFO] [MainThread] [root/bar_helper.py:603]: Re-registered AppBar for primary-bar_MSI G271_71d02edc (space reservation + fullscreen)
2026-08-31 17:07:08,283 [INFO] [MainThread] [root/bar_helper.py:594]: AppBarManager need to re-register 1 bar
2026-08-31 17:07:08,320 [INFO] [MainThread] [root/bar_helper.py:603]: Re-registered AppBar for primary-bar_MSI G271_71d02edc (space reservation + fullscreen)
2026-08-31 17:07:49,806 [INFO] [MainThread] [root/controller.py:43]: Exiting Application...
2026-08-31 17:07:49,915 [INFO] [MainThread] [cli_server/cli_server.py:114]: Log pipe server stopped
2026-08-31 17:07:49,949 [INFO] [MainThread] [root/bar_manager.py:111]: Stopping HotkeyListener...
2026-08-31 17:07:49,951 [INFO] [MainThread] [root/bar_manager.py:119]: Stopping WindowsNotificationEventListener...
2026-08-31 17:07:49,951 [INFO] [Dummy-10] [root/windows_notification.py:97]: Notification service stopped
2026-08-31 17:08:55,014 [INFO] [MainThread] [root/log.py:104]: YASB v2.0.6
2026-08-31 17:08:55,015 [INFO] [CLIPipeServer] [cli_server/cli_server.py:216]: CLI server started v1.1.7
2026-08-31 17:08:55,016 [INFO] [MainThread] [cli_server/cli_server.py:106]: Log pipe server started
2026-08-31 17:08:58,342 [INFO] [MainThread] [root/service.py:52]: AudioOutputService starting...
2026-08-31 17:08:59,158 [INFO] [MainThread] [root/bar_manager.py:238]: Starting HotkeyListener...
2026-08-31 17:08:59,158 [INFO] [MainThread] [root/bar_manager.py:103]: Starting WindowsNotificationEventListener...
2026-08-31 17:08:59,165 [INFO] [MainThread] [root/watcher.py:65]: Watching directory: c:\users\user\.config\yasb
2026-08-31 17:08:59,165 [INFO] [MainThread] [root/watcher.py:104]: Created file watcher
2026-08-31 17:08:59,212 [INFO] [MainThread] [root/update_service.py:434]: Background update checker started
2026-08-31 17:08:59,353 [INFO] [Dummy-10] [root/windows_notification.py:161]: Notification service started (WNF_SHEL_NOTIFICATION_TOTAL)
2026-08-31 17:17:42,593 [INFO] [MainThread] [root/controller.py:21]: Reloading Application because of config change.
2026-08-31 17:17:42,707 [INFO] [MainThread] [cli_server/cli_server.py:114]: Log pipe server stopped
2026-08-31 17:17:42,717 [INFO] [MainThread] [root/bar_manager.py:93]: Successfully loaded updated config and re-initialised all bars.
2026-08-31 17:17:42,781 [INFO] [MainThread] [root/bar_manager.py:111]: Stopping HotkeyListener...
2026-08-31 17:17:42,786 [INFO] [MainThread] [root/bar_manager.py:119]: Stopping WindowsNotificationEventListener...
2026-08-31 17:17:42,787 [INFO] [Dummy-10] [root/windows_notification.py:97]: Notification service stopped
2026-08-31 17:17:43,536 [INFO] [MainThread] [root/log.py:104]: YASB v2.0.6
2026-08-31 17:17:43,537 [INFO] [CLIPipeServer] [cli_server/cli_server.py:216]: CLI server started v1.1.7
2026-08-31 17:17:43,537 [INFO] [MainThread] [cli_server/cli_server.py:106]: Log pipe server started
2026-08-31 17:17:44,472 [INFO] [MainThread] [root/service.py:52]: AudioOutputService starting...
2026-08-31 17:17:44,950 [INFO] [MainThread] [root/bar_manager.py:238]: Starting HotkeyListener...
2026-08-31 17:17:44,950 [INFO] [MainThread] [root/bar_manager.py:103]: Starting WindowsNotificationEventListener...
2026-08-31 17:17:44,954 [INFO] [MainThread] [root/watcher.py:65]: Watching directory: c:\users\user\.config\yasb
2026-08-31 17:17:44,954 [INFO] [MainThread] [root/watcher.py:104]: Created file watcher
2026-08-31 17:17:44,986 [INFO] [MainThread] [root/update_service.py:434]: Background update checker started
2026-08-31 17:17:44,992 [INFO] [Dummy-10] [root/windows_notification.py:161]: Notification service started (WNF_SHEL_NOTIFICATION_TOTAL)
2026-08-31 17:19:35,721 [INFO] [MainThread] [root/controller.py:21]: Reloading Application because of config change.
2026-08-31 17:19:35,827 [INFO] [MainThread] [cli_server/cli_server.py:114]: Log pipe server stopped
2026-08-31 17:19:35,831 [INFO] [MainThread] [root/bar_manager.py:93]: Successfully loaded updated config and re-initialised all bars.
2026-08-31 17:19:35,887 [INFO] [MainThread] [root/bar_manager.py:111]: Stopping HotkeyListener...
2026-08-31 17:19:35,893 [INFO] [MainThread] [root/bar_manager.py:119]: Stopping WindowsNotificationEventListener...
2026-08-31 17:19:35,894 [INFO] [Dummy-10] [root/windows_notification.py:97]: Notification service stopped
2026-08-31 17:19:36,581 [INFO] [MainThread] [root/log.py:104]: YASB v2.0.6
2026-08-31 17:19:36,581 [INFO] [CLIPipeServer] [cli_server/cli_server.py:216]: CLI server started v1.1.7
2026-08-31 17:19:36,581 [INFO] [MainThread] [cli_server/cli_server.py:106]: Log pipe server started
2026-08-31 17:19:37,494 [INFO] [MainThread] [root/service.py:52]: AudioOutputService starting...
2026-08-31 17:19:37,903 [INFO] [MainThread] [root/bar_manager.py:238]: Starting HotkeyListener...
2026-08-31 17:19:37,903 [INFO] [MainThread] [root/bar_manager.py:103]: Starting WindowsNotificationEventListener...
2026-08-31 17:19:37,908 [INFO] [MainThread] [root/watcher.py:65]: Watching directory: c:\users\user\.config\yasb
2026-08-31 17:19:37,909 [INFO] [MainThread] [root/watcher.py:104]: Created file watcher
2026-08-31 17:19:37,942 [INFO] [MainThread] [root/update_service.py:434]: Background update checker started
2026-08-31 17:19:37,951 [INFO] [Dummy-10] [root/windows_notification.py:161]: Notification service started (WNF_SHEL_NOTIFICATION_TOTAL)
2026-08-31 17:19:47,953 [INFO] [MainThread] [root/controller.py:21]: Reloading Application because of config change.
2026-08-31 17:19:48,062 [INFO] [MainThread] [cli_server/cli_server.py:114]: Log pipe server stopped
2026-08-31 17:19:48,066 [INFO] [MainThread] [root/bar_manager.py:93]: Successfully loaded updated config and re-initialised all bars.
2026-08-31 17:19:48,119 [INFO] [MainThread] [root/bar_manager.py:111]: Stopping HotkeyListener...
2026-08-31 17:19:48,125 [INFO] [MainThread] [root/bar_manager.py:119]: Stopping WindowsNotificationEventListener...
2026-08-31 17:19:48,126 [INFO] [Dummy-10] [root/windows_notification.py:97]: Notification service stopped
2026-08-31 17:19:49,203 [INFO] [MainThread] [root/log.py:104]: YASB v2.0.6
2026-08-31 17:19:49,204 [INFO] [CLIPipeServer] [cli_server/cli_server.py:216]: CLI server started v1.1.7
2026-08-31 17:19:49,205 [INFO] [MainThread] [cli_server/cli_server.py:106]: Log pipe server started
2026-08-31 17:19:50,593 [INFO] [MainThread] [root/service.py:52]: AudioOutputService starting...
2026-08-31 17:19:51,201 [INFO] [MainThread] [root/bar_manager.py:238]: Starting HotkeyListener...
2026-08-31 17:19:51,202 [INFO] [MainThread] [root/bar_manager.py:103]: Starting WindowsNotificationEventListener...
2026-08-31 17:19:51,210 [INFO] [MainThread] [root/watcher.py:65]: Watching directory: c:\users\user\.config\yasb
2026-08-31 17:19:51,211 [INFO] [MainThread] [root/watcher.py:104]: Created file watcher
2026-08-31 17:19:51,261 [INFO] [MainThread] [root/update_service.py:434]: Background update checker started
2026-08-31 17:19:51,273 [INFO] [Dummy-10] [root/windows_notification.py:161]: Notification service started (WNF_SHEL_NOTIFICATION_TOTAL)
2026-08-31 17:20:59,746 [INFO] [MainThread] [root/controller.py:21]: Reloading Application because of config change.
2026-08-31 17:20:59,852 [INFO] [MainThread] [cli_server/cli_server.py:114]: Log pipe server stopped
2026-08-31 17:20:59,861 [INFO] [MainThread] [root/bar_manager.py:93]: Successfully loaded updated config and re-initialised all bars.
2026-08-31 17:20:59,923 [INFO] [MainThread] [root/bar_manager.py:111]: Stopping HotkeyListener...
2026-08-31 17:20:59,929 [INFO] [MainThread] [root/bar_manager.py:119]: Stopping WindowsNotificationEventListener...
2026-08-31 17:20:59,930 [INFO] [Dummy-10] [root/windows_notification.py:97]: Notification service stopped
2026-08-31 17:21:00,586 [INFO] [MainThread] [root/log.py:104]: YASB v2.0.6
2026-08-31 17:21:00,587 [INFO] [CLIPipeServer] [cli_server/cli_server.py:216]: CLI server started v1.1.7
2026-08-31 17:21:00,587 [INFO] [MainThread] [cli_server/cli_server.py:106]: Log pipe server started
2026-08-31 17:21:01,493 [WARNING] [MainThread] [root/widget_builder.py:39]: No widget config could be found for widget 'notifications
2026-08-31 17:21:01,820 [INFO] [MainThread] [root/bar_manager.py:238]: Starting HotkeyListener...
2026-08-31 17:21:01,821 [ERROR] [MainThread] [root/widget_builder.py:100]: Failed to add undefined widget(s)  - The widget "notifications" is undefined.
2026-08-31 17:21:01,861 [INFO] [MainThread] [root/watcher.py:65]: Watching directory: c:\users\user\.config\yasb
2026-08-31 17:21:01,861 [INFO] [MainThread] [root/watcher.py:104]: Created file watcher
2026-08-31 17:21:01,883 [INFO] [MainThread] [root/update_service.py:434]: Background update checker started
2026-08-31 17:21:14,439 [INFO] [MainThread] [root/controller.py:21]: Reloading Application because of config change.
2026-08-31 17:21:14,551 [INFO] [MainThread] [cli_server/cli_server.py:114]: Log pipe server stopped
2026-08-31 17:21:14,559 [INFO] [MainThread] [root/bar_manager.py:93]: Successfully loaded updated config and re-initialised all bars.
2026-08-31 17:21:14,610 [INFO] [MainThread] [root/bar_manager.py:111]: Stopping HotkeyListener...
2026-08-31 17:21:15,280 [INFO] [MainThread] [root/log.py:104]: YASB v2.0.6
2026-08-31 17:21:15,280 [INFO] [CLIPipeServer] [cli_server/cli_server.py:216]: CLI server started v1.1.7
2026-08-31 17:21:15,281 [INFO] [MainThread] [cli_server/cli_server.py:106]: Log pipe server started
2026-08-31 17:21:16,101 [INFO] [MainThread] [root/service.py:52]: AudioOutputService starting...
2026-08-31 17:21:16,581 [INFO] [MainThread] [root/bar_manager.py:238]: Starting HotkeyListener...
2026-08-31 17:21:16,583 [INFO] [MainThread] [root/watcher.py:65]: Watching directory: c:\users\user\.config\yasb
2026-08-31 17:21:16,583 [INFO] [MainThread] [root/watcher.py:104]: Created file watcher
2026-08-31 17:21:16,601 [INFO] [MainThread] [root/update_service.py:434]: Background update checker started
2026-08-31 17:22:50,134 [INFO] [MainThread] [root/controller.py:21]: Reloading Application because of config change.
2026-08-31 17:22:50,247 [INFO] [MainThread] [cli_server/cli_server.py:114]: Log pipe server stopped
2026-08-31 17:22:50,258 [INFO] [MainThread] [root/bar_manager.py:93]: Successfully loaded updated config and re-initialised all bars.
2026-08-31 17:22:50,321 [INFO] [MainThread] [root/bar_manager.py:111]: Stopping HotkeyListener...
2026-08-31 17:22:50,993 [INFO] [MainThread] [root/log.py:104]: YASB v2.0.6
2026-08-31 17:22:50,993 [INFO] [CLIPipeServer] [cli_server/cli_server.py:216]: CLI server started v1.1.7
2026-08-31 17:22:50,994 [INFO] [MainThread] [cli_server/cli_server.py:106]: Log pipe server started
2026-08-31 17:22:51,888 [INFO] [MainThread] [root/service.py:52]: AudioOutputService starting...
2026-08-31 17:22:52,346 [INFO] [MainThread] [root/bar_manager.py:238]: Starting HotkeyListener...
2026-08-31 17:22:52,348 [INFO] [MainThread] [root/watcher.py:65]: Watching directory: c:\users\user\.config\yasb
2026-08-31 17:22:52,349 [INFO] [MainThread] [root/watcher.py:104]: Created file watcher
2026-08-31 17:22:52,383 [INFO] [MainThread] [root/update_service.py:434]: Background update checker started
2026-08-31 17:23:00,531 [INFO] [MainThread] [root/controller.py:21]: Reloading Application because of config change.
2026-08-31 17:23:00,640 [INFO] [MainThread] [cli_server/cli_server.py:114]: Log pipe server stopped
2026-08-31 17:23:00,651 [INFO] [MainThread] [root/bar_manager.py:93]: Successfully loaded updated config and re-initialised all bars.
2026-08-31 17:23:00,709 [INFO] [MainThread] [root/bar_manager.py:111]: Stopping HotkeyListener...
2026-08-31 17:23:01,470 [INFO] [MainThread] [root/log.py:104]: YASB v2.0.6
2026-08-31 17:23:01,471 [INFO] [CLIPipeServer] [cli_server/cli_server.py:216]: CLI server started v1.1.7
2026-08-31 17:23:01,471 [INFO] [MainThread] [cli_server/cli_server.py:106]: Log pipe server started
2026-08-31 17:23:02,376 [INFO] [MainThread] [root/service.py:52]: AudioOutputService starting...
2026-08-31 17:23:02,799 [INFO] [MainThread] [root/bar_manager.py:238]: Starting HotkeyListener...
2026-08-31 17:23:02,800 [INFO] [MainThread] [root/bar_manager.py:103]: Starting WindowsNotificationEventListener...
2026-08-31 17:23:02,803 [INFO] [MainThread] [root/watcher.py:65]: Watching directory: c:\users\user\.config\yasb
2026-08-31 17:23:02,803 [INFO] [MainThread] [root/watcher.py:104]: Created file watcher
2026-08-31 17:23:02,831 [INFO] [MainThread] [root/update_service.py:434]: Background update checker started
2026-08-31 17:23:02,839 [INFO] [Dummy-10] [root/windows_notification.py:161]: Notification service started (WNF_SHEL_NOTIFICATION_TOTAL)
2026-08-31 17:27:37,361 [INFO] [MainThread] [root/controller.py:21]: Reloading Application because of config change.
2026-08-31 17:27:37,467 [INFO] [MainThread] [cli_server/cli_server.py:114]: Log pipe server stopped
2026-08-31 17:27:37,474 [INFO] [MainThread] [root/bar_manager.py:93]: Successfully loaded updated config and re-initialised all bars.
2026-08-31 17:27:37,519 [INFO] [MainThread] [root/bar_manager.py:111]: Stopping HotkeyListener...
2026-08-31 17:27:37,526 [INFO] [MainThread] [root/bar_manager.py:119]: Stopping WindowsNotificationEventListener...
2026-08-31 17:27:37,527 [INFO] [Dummy-10] [root/windows_notification.py:97]: Notification service stopped
2026-08-31 17:27:38,192 [INFO] [MainThread] [root/log.py:104]: YASB v2.0.6
2026-08-31 17:27:38,192 [INFO] [CLIPipeServer] [cli_server/cli_server.py:216]: CLI server started v1.1.7
2026-08-31 17:27:38,193 [INFO] [MainThread] [cli_server/cli_server.py:106]: Log pipe server started
2026-08-31 17:27:38,995 [INFO] [MainThread] [root/service.py:52]: AudioOutputService starting...
2026-08-31 17:27:39,454 [INFO] [MainThread] [root/bar_manager.py:238]: Starting HotkeyListener...
2026-08-31 17:27:39,455 [INFO] [MainThread] [root/bar_manager.py:103]: Starting WindowsNotificationEventListener...
2026-08-31 17:27:39,459 [INFO] [MainThread] [root/watcher.py:65]: Watching directory: c:\users\user\.config\yasb
2026-08-31 17:27:39,460 [INFO] [MainThread] [root/watcher.py:104]: Created file watcher
2026-08-31 17:27:39,483 [INFO] [MainThread] [root/update_service.py:434]: Background update checker started
2026-08-31 17:27:39,496 [INFO] [Dummy-10] [root/windows_notification.py:161]: Notification service started (WNF_SHEL_NOTIFICATION_TOTAL)
2026-08-31 17:27:59,611 [INFO] [MainThread] [root/controller.py:21]: Reloading Application because of config change.
2026-08-31 17:27:59,720 [INFO] [MainThread] [cli_server/cli_server.py:114]: Log pipe server stopped
2026-08-31 17:27:59,727 [INFO] [MainThread] [root/bar_manager.py:93]: Successfully loaded updated config and re-initialised all bars.
2026-08-31 17:27:59,770 [INFO] [MainThread] [root/bar_manager.py:111]: Stopping HotkeyListener...
2026-08-31 17:27:59,776 [INFO] [MainThread] [root/bar_manager.py:119]: Stopping WindowsNotificationEventListener...
2026-08-31 17:27:59,777 [INFO] [Dummy-10] [root/windows_notification.py:97]: Notification service stopped
2026-08-31 17:28:00,445 [INFO] [MainThread] [root/log.py:104]: YASB v2.0.6
2026-08-31 17:28:00,446 [INFO] [CLIPipeServer] [cli_server/cli_server.py:216]: CLI server started v1.1.7
2026-08-31 17:28:00,446 [INFO] [MainThread] [cli_server/cli_server.py:106]: Log pipe server started
2026-08-31 17:28:01,234 [INFO] [MainThread] [root/service.py:52]: AudioOutputService starting...
2026-08-31 17:28:01,607 [INFO] [MainThread] [root/bar_manager.py:238]: Starting HotkeyListener...
2026-08-31 17:28:01,608 [INFO] [MainThread] [root/bar_manager.py:103]: Starting WindowsNotificationEventListener...
2026-08-31 17:28:01,611 [INFO] [MainThread] [root/watcher.py:65]: Watching directory: c:\users\user\.config\yasb
2026-08-31 17:28:01,611 [INFO] [MainThread] [root/watcher.py:104]: Created file watcher
2026-08-31 17:28:01,638 [INFO] [MainThread] [root/update_service.py:434]: Background update checker started
2026-08-31 17:28:01,652 [INFO] [Dummy-10] [root/windows_notification.py:161]: Notification service started (WNF_SHEL_NOTIFICATION_TOTAL)
2026-08-31 17:28:18,091 [INFO] [MainThread] [root/controller.py:21]: Reloading Application because of config change.
2026-08-31 17:28:18,209 [INFO] [MainThread] [cli_server/cli_server.py:114]: Log pipe server stopped
2026-08-31 17:28:18,216 [INFO] [MainThread] [root/bar_manager.py:93]: Successfully loaded updated config and re-initialised all bars.
2026-08-31 17:28:18,260 [INFO] [MainThread] [root/bar_manager.py:111]: Stopping HotkeyListener...
2026-08-31 17:28:18,268 [INFO] [MainThread] [root/bar_manager.py:119]: Stopping WindowsNotificationEventListener...
2026-08-31 17:28:18,268 [INFO] [Dummy-10] [root/windows_notification.py:97]: Notification service stopped
2026-08-31 17:28:18,920 [INFO] [MainThread] [root/log.py:104]: YASB v2.0.6
2026-08-31 17:28:18,921 [INFO] [CLIPipeServer] [cli_server/cli_server.py:216]: CLI server started v1.1.7
2026-08-31 17:28:18,921 [INFO] [MainThread] [cli_server/cli_server.py:106]: Log pipe server started
2026-08-31 17:28:19,715 [INFO] [MainThread] [root/service.py:52]: AudioOutputService starting...
2026-08-31 17:28:20,093 [INFO] [MainThread] [root/bar_manager.py:238]: Starting HotkeyListener...
2026-08-31 17:28:20,093 [INFO] [MainThread] [root/bar_manager.py:103]: Starting WindowsNotificationEventListener...
2026-08-31 17:28:20,097 [INFO] [MainThread] [root/watcher.py:65]: Watching directory: c:\users\user\.config\yasb
2026-08-31 17:28:20,097 [INFO] [MainThread] [root/watcher.py:104]: Created file watcher
2026-08-31 17:28:20,122 [INFO] [MainThread] [root/update_service.py:434]: Background update checker started
2026-08-31 17:28:20,136 [INFO] [Dummy-10] [root/windows_notification.py:161]: Notification service started (WNF_SHEL_NOTIFICATION_TOTAL)
2026-08-31 17:28:37,001 [INFO] [MainThread] [root/bar_helper.py:594]: AppBarManager need to re-register 1 bar
2026-08-31 17:28:37,329 [INFO] [MainThread] [root/bar_helper.py:603]: Re-registered AppBar for primary-bar_MSI G271_41877326 (space reservation + fullscreen)
2026-08-31 17:30:42,292 [INFO] [MainThread] [root/controller.py:21]: Reloading Application from tray...
2026-08-31 17:30:42,393 [INFO] [MainThread] [cli_server/cli_server.py:114]: Log pipe server stopped
2026-08-31 17:30:42,452 [INFO] [MainThread] [root/bar_manager.py:111]: Stopping HotkeyListener...
2026-08-31 17:30:42,459 [INFO] [MainThread] [root/bar_manager.py:119]: Stopping WindowsNotificationEventListener...
2026-08-31 17:30:42,461 [INFO] [Dummy-10] [root/windows_notification.py:97]: Notification service stopped
2026-08-31 17:30:43,264 [INFO] [MainThread] [root/log.py:104]: YASB v2.0.6
2026-08-31 17:30:43,264 [INFO] [CLIPipeServer] [cli_server/cli_server.py:216]: CLI server started v1.1.7
2026-08-31 17:30:43,265 [INFO] [MainThread] [cli_server/cli_server.py:106]: Log pipe server started
2026-08-31 17:30:44,134 [INFO] [MainThread] [root/service.py:52]: AudioOutputService starting...
2026-08-31 17:30:44,550 [INFO] [MainThread] [root/bar_manager.py:238]: Starting HotkeyListener...
2026-08-31 17:30:44,550 [INFO] [MainThread] [root/bar_manager.py:103]: Starting WindowsNotificationEventListener...
2026-08-31 17:30:44,553 [INFO] [MainThread] [root/watcher.py:65]: Watching directory: c:\users\user\.config\yasb
2026-08-31 17:30:44,554 [INFO] [MainThread] [root/watcher.py:104]: Created file watcher
2026-08-31 17:30:44,586 [INFO] [MainThread] [root/update_service.py:434]: Background update checker started
2026-08-31 17:30:44,596 [INFO] [Dummy-10] [root/windows_notification.py:161]: Notification service started (WNF_SHEL_NOTIFICATION_TOTAL)
2026-08-31 17:33:26,485 [INFO] [MainThread] [root/controller.py:21]: Reloading Application from tray...
2026-08-31 17:33:26,594 [INFO] [MainThread] [cli_server/cli_server.py:114]: Log pipe server stopped
2026-08-31 17:33:26,642 [INFO] [MainThread] [root/bar_manager.py:111]: Stopping HotkeyListener...
2026-08-31 17:33:26,648 [INFO] [MainThread] [root/bar_manager.py:119]: Stopping WindowsNotificationEventListener...
2026-08-31 17:33:26,650 [INFO] [Dummy-10] [root/windows_notification.py:97]: Notification service stopped
2026-08-31 17:33:27,438 [INFO] [MainThread] [root/log.py:104]: YASB v2.0.6
2026-08-31 17:33:27,438 [INFO] [CLIPipeServer] [cli_server/cli_server.py:216]: CLI server started v1.1.7
2026-08-31 17:33:27,439 [INFO] [MainThread] [cli_server/cli_server.py:106]: Log pipe server started
2026-08-31 17:33:28,293 [INFO] [MainThread] [root/service.py:52]: AudioOutputService starting...
2026-08-31 17:33:28,713 [INFO] [MainThread] [root/bar_manager.py:238]: Starting HotkeyListener...
2026-08-31 17:33:28,713 [INFO] [MainThread] [root/bar_manager.py:103]: Starting WindowsNotificationEventListener...
2026-08-31 17:33:28,716 [INFO] [MainThread] [root/watcher.py:65]: Watching directory: c:\users\user\.config\yasb
2026-08-31 17:33:28,717 [INFO] [MainThread] [root/watcher.py:104]: Created file watcher
2026-08-31 17:33:28,742 [INFO] [MainThread] [root/update_service.py:434]: Background update checker started
2026-08-31 17:33:28,754 [INFO] [Dummy-10] [root/windows_notification.py:161]: Notification service started (WNF_SHEL_NOTIFICATION_TOTAL)
2026-08-31 17:36:41,801 [INFO] [MainThread] [root/controller.py:21]: Reloading Application from tray...
2026-08-31 17:36:41,913 [INFO] [MainThread] [cli_server/cli_server.py:114]: Log pipe server stopped
2026-08-31 17:36:41,999 [INFO] [MainThread] [root/bar_manager.py:111]: Stopping HotkeyListener...
2026-08-31 17:36:42,005 [INFO] [MainThread] [root/bar_manager.py:119]: Stopping WindowsNotificationEventListener...
2026-08-31 17:36:42,005 [INFO] [Dummy-10] [root/windows_notification.py:97]: Notification service stopped
2026-08-31 17:36:42,775 [INFO] [MainThread] [root/log.py:104]: YASB v2.0.6
2026-08-31 17:36:42,776 [INFO] [CLIPipeServer] [cli_server/cli_server.py:216]: CLI server started v1.1.7
2026-08-31 17:36:42,776 [INFO] [MainThread] [cli_server/cli_server.py:106]: Log pipe server started
2026-08-31 17:36:43,831 [INFO] [MainThread] [root/service.py:52]: AudioOutputService starting...
2026-08-31 17:36:44,272 [INFO] [MainThread] [root/bar_manager.py:238]: Starting HotkeyListener...
2026-08-31 17:36:44,273 [INFO] [MainThread] [root/bar_manager.py:103]: Starting WindowsNotificationEventListener...
2026-08-31 17:36:44,276 [INFO] [MainThread] [root/watcher.py:65]: Watching directory: c:\users\user\.config\yasb
2026-08-31 17:36:44,277 [INFO] [MainThread] [root/watcher.py:104]: Created file watcher
2026-08-31 17:36:44,305 [INFO] [MainThread] [root/update_service.py:434]: Background update checker started
2026-08-31 17:36:44,319 [INFO] [Dummy-10] [root/windows_notification.py:161]: Notification service started (WNF_SHEL_NOTIFICATION_TOTAL)
2026-08-31 17:37:23,558 [INFO] [MainThread] [root/bar_helper.py:594]: AppBarManager need to re-register 1 bar
2026-08-31 17:37:23,743 [INFO] [MainThread] [root/bar_helper.py:603]: Re-registered AppBar for primary-bar_MSI G271_57427301 (space reservation + fullscreen)
2026-08-31 17:42:44,504 [INFO] [MainThread] [root/controller.py:21]: Reloading Application from tray...
2026-08-31 17:42:44,606 [INFO] [MainThread] [cli_server/cli_server.py:114]: Log pipe server stopped
2026-08-31 17:42:44,679 [INFO] [MainThread] [root/bar_manager.py:111]: Stopping HotkeyListener...
2026-08-31 17:42:44,684 [INFO] [MainThread] [root/bar_manager.py:119]: Stopping WindowsNotificationEventListener...
2026-08-31 17:42:44,685 [INFO] [Dummy-10] [root/windows_notification.py:97]: Notification service stopped
2026-08-31 17:42:45,436 [INFO] [MainThread] [root/log.py:104]: YASB v2.0.6
2026-08-31 17:42:45,437 [INFO] [CLIPipeServer] [cli_server/cli_server.py:216]: CLI server started v1.1.7
2026-08-31 17:42:45,437 [INFO] [MainThread] [cli_server/cli_server.py:106]: Log pipe server started
2026-08-31 17:42:46,407 [INFO] [MainThread] [root/service.py:52]: AudioOutputService starting...
2026-08-31 17:42:46,888 [INFO] [MainThread] [root/bar_manager.py:238]: Starting HotkeyListener...
2026-08-31 17:42:46,888 [INFO] [MainThread] [root/bar_manager.py:103]: Starting WindowsNotificationEventListener...
2026-08-31 17:42:46,892 [INFO] [MainThread] [root/watcher.py:65]: Watching directory: c:\users\user\.config\yasb
2026-08-31 17:42:46,892 [INFO] [MainThread] [root/watcher.py:104]: Created file watcher
2026-08-31 17:42:46,926 [INFO] [MainThread] [root/update_service.py:434]: Background update checker started
2026-08-31 17:42:46,935 [INFO] [Dummy-10] [root/windows_notification.py:161]: Notification service started (WNF_SHEL_NOTIFICATION_TOTAL)
2026-08-31 17:46:09,304 [INFO] [MainThread] [root/controller.py:21]: Reloading Application because of config change.
2026-08-31 17:46:09,409 [INFO] [MainThread] [cli_server/cli_server.py:114]: Log pipe server stopped
2026-08-31 17:46:09,412 [INFO] [MainThread] [root/bar_manager.py:93]: Successfully loaded updated config and re-initialised all bars.
2026-08-31 17:46:09,467 [INFO] [MainThread] [root/bar_manager.py:111]: Stopping HotkeyListener...
2026-08-31 17:46:09,475 [INFO] [MainThread] [root/bar_manager.py:119]: Stopping WindowsNotificationEventListener...
2026-08-31 17:46:09,475 [INFO] [Dummy-10] [root/windows_notification.py:97]: Notification service stopped
2026-08-31 17:46:10,342 [INFO] [MainThread] [root/log.py:104]: YASB v2.0.6
2026-08-31 17:46:10,343 [INFO] [CLIPipeServer] [cli_server/cli_server.py:216]: CLI server started v1.1.7
2026-08-31 17:46:10,344 [INFO] [MainThread] [cli_server/cli_server.py:106]: Log pipe server started
2026-08-31 17:46:11,360 [INFO] [MainThread] [root/service.py:52]: AudioOutputService starting...
2026-08-31 17:46:11,732 [INFO] [MainThread] [root/bar_manager.py:238]: Starting HotkeyListener...
2026-08-31 17:46:11,733 [INFO] [MainThread] [root/bar_manager.py:103]: Starting WindowsNotificationEventListener...
2026-08-31 17:46:11,742 [INFO] [MainThread] [root/watcher.py:65]: Watching directory: c:\users\user\.config\yasb
2026-08-31 17:46:11,742 [INFO] [MainThread] [root/watcher.py:104]: Created file watcher
2026-08-31 17:46:11,774 [INFO] [MainThread] [root/update_service.py:434]: Background update checker started
2026-08-31 17:46:11,782 [INFO] [Dummy-10] [root/windows_notification.py:161]: Notification service started (WNF_SHEL_NOTIFICATION_TOTAL)
2026-08-31 18:44:55,427 [INFO] [MainThread] [root/bar_helper.py:594]: AppBarManager need to re-register 1 bar
2026-08-31 18:44:55,754 [INFO] [MainThread] [root/bar_helper.py:603]: Re-registered AppBar for primary-bar_MSI G271_08308f9d (space reservation + fullscreen)
2026-08-31 18:46:33,519 [INFO] [MainThread] [root/bar_helper.py:594]: AppBarManager need to re-register 1 bar
2026-08-31 18:46:33,585 [INFO] [MainThread] [root/bar_helper.py:603]: Re-registered AppBar for primary-bar_MSI G271_08308f9d (space reservation + fullscreen)
2026-08-31 18:49:43,811 [INFO] [MainThread] [root/controller.py:43]: Exiting Application...
2026-08-31 18:49:43,917 [INFO] [MainThread] [cli_server/cli_server.py:114]: Log pipe server stopped
2026-08-31 18:49:43,954 [INFO] [MainThread] [root/bar_manager.py:111]: Stopping HotkeyListener...
2026-08-31 18:49:43,956 [INFO] [MainThread] [root/bar_manager.py:119]: Stopping WindowsNotificationEventListener...
2026-08-31 18:49:43,957 [INFO] [Dummy-10] [root/windows_notification.py:97]: Notification service stopped
2026-08-31 18:50:57,570 [INFO] [MainThread] [root/log.py:104]: YASB v2.0.6
2026-08-31 18:50:57,571 [INFO] [CLIPipeServer] [cli_server/cli_server.py:216]: CLI server started v1.1.7
2026-08-31 18:50:57,572 [INFO] [MainThread] [cli_server/cli_server.py:106]: Log pipe server started
2026-08-31 18:51:02,808 [INFO] [MainThread] [root/service.py:52]: AudioOutputService starting...
2026-08-31 18:51:04,298 [INFO] [MainThread] [root/bar_manager.py:238]: Starting HotkeyListener...
2026-08-31 18:51:04,300 [INFO] [MainThread] [root/bar_manager.py:103]: Starting WindowsNotificationEventListener...
2026-08-31 18:51:04,306 [INFO] [MainThread] [root/watcher.py:65]: Watching directory: c:\users\user\.config\yasb
2026-08-31 18:51:04,307 [INFO] [MainThread] [root/watcher.py:104]: Created file watcher
2026-08-31 18:51:04,374 [INFO] [MainThread] [root/update_service.py:434]: Background update checker started
2026-08-31 18:51:04,644 [INFO] [Dummy-10] [root/windows_notification.py:161]: Notification service started (WNF_SHEL_NOTIFICATION_TOTAL)
2026-08-31 19:06:47,318 [INFO] [MainThread] [root/bar_helper.py:594]: AppBarManager need to re-register 1 bar
2026-08-31 19:06:47,619 [INFO] [MainThread] [root/bar_helper.py:603]: Re-registered AppBar for primary-bar_MSI G271_e5352b84 (space reservation + fullscreen)
2026-08-31 19:06:58,615 [INFO] [MainThread] [root/bar_helper.py:594]: AppBarManager need to re-register 1 bar
2026-08-31 19:06:58,639 [INFO] [MainThread] [root/bar_helper.py:603]: Re-registered AppBar for primary-bar_MSI G271_e5352b84 (space reservation + fullscreen)
2026-08-31 19:08:21,591 [INFO] [MainThread] [root/bar_helper.py:594]: AppBarManager need to re-register 1 bar
2026-08-31 19:08:21,645 [INFO] [MainThread] [root/bar_helper.py:603]: Re-registered AppBar for primary-bar_MSI G271_e5352b84 (space reservation + fullscreen)
2026-08-31 19:10:54,281 [INFO] [MainThread] [root/controller.py:43]: Exiting Application...
2026-08-31 19:10:54,397 [INFO] [MainThread] [cli_server/cli_server.py:114]: Log pipe server stopped
2026-08-31 19:10:54,476 [INFO] [MainThread] [root/bar_manager.py:111]: Stopping HotkeyListener...
2026-08-31 19:10:54,478 [INFO] [MainThread] [root/bar_manager.py:119]: Stopping WindowsNotificationEventListener...
2026-08-31 19:10:54,479 [INFO] [Dummy-10] [root/windows_notification.py:97]: Notification service stopped
2026-08-31 19:11:59,296 [INFO] [MainThread] [root/log.py:104]: YASB v2.0.6
2026-08-31 19:11:59,298 [INFO] [CLIPipeServer] [cli_server/cli_server.py:216]: CLI server started v1.1.7
2026-08-31 19:11:59,299 [INFO] [MainThread] [cli_server/cli_server.py:106]: Log pipe server started
2026-08-31 19:12:01,836 [INFO] [MainThread] [root/service.py:52]: AudioOutputService starting...
2026-08-31 19:12:02,612 [INFO] [MainThread] [root/bar_manager.py:238]: Starting HotkeyListener...
2026-08-31 19:12:02,613 [INFO] [MainThread] [root/bar_manager.py:103]: Starting WindowsNotificationEventListener...
2026-08-31 19:12:02,627 [INFO] [MainThread] [root/watcher.py:65]: Watching directory: c:\users\user\.config\yasb
2026-08-31 19:12:02,627 [INFO] [MainThread] [root/watcher.py:104]: Created file watcher
2026-08-31 19:12:02,671 [INFO] [MainThread] [root/update_service.py:434]: Background update checker started
2026-08-31 19:12:02,685 [INFO] [Dummy-10] [root/windows_notification.py:161]: Notification service started (WNF_SHEL_NOTIFICATION_TOTAL)
2026-08-31 19:17:15,630 [INFO] [MainThread] [root/service.py:223]: Quick Launch rebuilding app list after install/uninstall detected
2026-08-31 20:57:04,927 [INFO] [MainThread] [root/bar_helper.py:594]: AppBarManager need to re-register 1 bar
2026-08-31 20:57:08,152 [INFO] [MainThread] [root/bar_helper.py:603]: Re-registered AppBar for primary-bar_MSI G271_2c22d042 (space reservation + fullscreen)
2026-08-31 21:07:13,497 [INFO] [MainThread] [root/controller.py:43]: Exiting Application...
2026-08-31 21:07:13,603 [INFO] [MainThread] [cli_server/cli_server.py:114]: Log pipe server stopped
2026-08-31 21:07:13,667 [INFO] [MainThread] [root/bar_manager.py:111]: Stopping HotkeyListener...
2026-08-31 21:07:13,669 [INFO] [MainThread] [root/bar_manager.py:119]: Stopping WindowsNotificationEventListener...
2026-08-31 21:07:13,670 [INFO] [Dummy-10] [root/windows_notification.py:97]: Notification service stopped
2026-09-01 10:55:57,400 [INFO] [MainThread] [root/log.py:104]: YASB v2.0.6
2026-09-01 10:55:57,403 [INFO] [CLIPipeServer] [cli_server/cli_server.py:216]: CLI server started v1.1.7
2026-09-01 10:55:57,403 [INFO] [MainThread] [cli_server/cli_server.py:106]: Log pipe server started
2026-09-01 10:55:59,647 [INFO] [MainThread] [root/service.py:52]: AudioOutputService starting...
2026-09-01 10:56:00,309 [INFO] [MainThread] [root/bar_manager.py:238]: Starting HotkeyListener...
2026-09-01 10:56:00,309 [INFO] [MainThread] [root/bar_manager.py:103]: Starting WindowsNotificationEventListener...
2026-09-01 10:56:00,324 [INFO] [MainThread] [root/watcher.py:65]: Watching directory: c:\users\user\.config\yasb
2026-09-01 10:56:00,325 [INFO] [MainThread] [root/watcher.py:104]: Created file watcher
2026-09-01 10:56:00,379 [INFO] [MainThread] [root/update_service.py:434]: Background update checker started
2026-09-01 10:56:00,473 [INFO] [Dummy-10] [root/windows_notification.py:161]: Notification service started (WNF_SHEL_NOTIFICATION_TOTAL)
2026-09-01 11:05:32,945 [INFO] [MainThread] [root/bar_helper.py:594]: AppBarManager need to re-register 1 bar
2026-09-01 11:05:33,219 [INFO] [MainThread] [root/bar_helper.py:603]: Re-registered AppBar for primary-bar_MSI G271_b3032bb4 (space reservation + fullscreen)
2026-09-01 12:05:00,216 [INFO] [MainThread] [root/controller.py:43]: Exiting Application from tray...
2026-09-01 12:05:00,323 [INFO] [MainThread] [cli_server/cli_server.py:114]: Log pipe server stopped
2026-09-01 12:05:00,405 [INFO] [MainThread] [root/bar_manager.py:111]: Stopping HotkeyListener...
2026-09-01 12:05:00,410 [INFO] [MainThread] [root/bar_manager.py:119]: Stopping WindowsNotificationEventListener...
2026-09-01 12:05:00,410 [INFO] [Dummy-10] [root/windows_notification.py:97]: Notification service stopped
